CATEGORY,DATE,UNITS_SOLD
CATEG-1,2021-08-17,59
CATEG-1,2020-09-19,40
CATEG-2,2021-10-26,23
CATEG-1,2021-04-27,60
CATEG-2,2021-05-05,61
CATEG-3,2018-10-18,1
CATEG-3,2021-06-26,1462
CATEG-2,2020-08-23,28
CATEG-1,2020-03-28,26
CATEG-3,2020-06-11,1373
CATEG-2,2020-01-25,3
CATEG-2,2019-10-14,3
CATEG-1,2021-05-13,32
CATEG-3,2020-11-16,3666
CATEG-3,2021-08-15,1929
CATEG-3,2021-05-05,2455
CATEG-3,2020-09-27,1169
CATEG-3,2020-02-27,697
CATEG-1,2021-06-30,46
CATEG-1,2020-03-18,29
CATEG-1,2021-06-26,33
CATEG-3,2020-10-04,1231
CATEG-1,2020-08-22,28
CATEG-2,2020-05-12,139
CATEG-3,2020-10-23,1496
CATEG-1,2021-08-18,46
CATEG-2,2020-12-03,11
CATEG-2,2021-05-13,46
CATEG-1,2020-11-15,120
CATEG-2,2020-10-16,6
CATEG-1,2019-12-01,49
CATEG-3,2019-07-31,654
CATEG-3,2019-07-23,650
CATEG-1,2019-08-12,31
CATEG-3,2020-06-05,1327
CATEG-3,2021-05-14,1918
CATEG-3,2020-02-23,525
CATEG-1,2020-08-23,39
CATEG-1,2019-06-17,22
CATEG-3,2019-06-19,561
CATEG-3,2019-09-23,679
CATEG-1,2020-11-19,126
CATEG-2,2021-06-02,39
CATEG-3,2021-08-30,2128
CATEG-1,2020-07-18,48
CATEG-3,2019-11-09,550
CATEG-3,2020-12-01,2983
CATEG-3,2020-12-15,4232
CATEG-2,2019-12-27,7
CATEG-2,2020-06-18,87
CATEG-3,2021-06-01,2381
CATEG-3,2021-06-02,2101
CATEG-2,2020-06-06,105
CATEG-2,2019-08-28,2
CATEG-2,2021-05-20,51
CATEG-2,2021-04-26,140
CATEG-1,2019-08-23,23
CATEG-1,2021-03-26,54
CATEG-3,2021-01-24,1946
CATEG-2,2018-10-16,1
CATEG-1,2021-05-29,91
CATEG-2,2020-01-26,6
CATEG-3,2019-11-08,620
CATEG-1,2020-04-17,52
CATEG-2,2019-12-06,3
CATEG-2,2019-12-08,5
CATEG-2,2020-04-02,170
CATEG-3,2021-03-03,2025
CATEG-2,2020-08-12,41
CATEG-1,2019-07-19,18
CATEG-3,2020-01-14,816
CATEG-1,2019-09-21,19
CATEG-2,2019-09-25,4
CATEG-2,2020-04-24,289
CATEG-3,2021-10-12,2128
CATEG-3,2019-07-11,571
CATEG-1,2021-02-24,73
CATEG-1,2020-02-06,20
CATEG-3,2021-10-09,1888
CATEG-1,2021-07-30,49
CATEG-2,2021-09-10,16
CATEG-1,2021-06-29,41
CATEG-2,2021-03-12,106
CATEG-2,2019-12-13,8
CATEG-3,2019-08-17,465
CATEG-3,2019-11-07,698
CATEG-3,2021-03-06,1691
CATEG-3,2019-09-26,568
CATEG-3,2021-02-18,1966
CATEG-3,2019-12-07,768
CATEG-2,2019-10-25,2
CATEG-3,2021-01-01,1562
CATEG-2,2019-06-13,8
CATEG-3,2020-06-26,1171
CATEG-3,2019-08-25,459
CATEG-2,2021-04-27,157
CATEG-1,2021-04-29,52
CATEG-1,2021-10-09,37
CATEG-2,2021-10-20,14
CATEG-3,2019-12-16,1559
CATEG-1,2021-01-11,72
CATEG-3,2019-10-21,635
CATEG-2,2019-08-26,10
CATEG-3,2019-08-20,750
CATEG-2,2019-08-06,16
CATEG-1,2021-01-27,81
CATEG-3,2021-05-17,2513
CATEG-2,2021-05-27,48
CATEG-1,2019-10-19,15
CATEG-3,2021-03-29,2055
CATEG-1,2020-02-09,23
CATEG-2,2019-09-04,7
CATEG-3,2019-11-15,1138
CATEG-3,2020-05-03,1363
CATEG-3,2020-09-04,1475
CATEG-2,2020-12-28,32
CATEG-1,2021-05-21,42
CATEG-1,2021-10-31,27
CATEG-3,2020-09-11,1418
CATEG-2,2020-09-21,10
CATEG-3,2021-04-11,1649
CATEG-1,2020-03-31,35
CATEG-1,2020-01-14,55
CATEG-3,2020-07-26,1146
CATEG-2,2021-03-13,113
CATEG-1,2020-08-21,42
CATEG-1,2020-10-20,40
CATEG-3,2021-03-31,1924
CATEG-2,2020-08-17,44
CATEG-2,2020-01-04,4
CATEG-2,2021-07-12,51
CATEG-3,2020-04-25,932
CATEG-2,2020-02-24,11
CATEG-1,2021-03-10,78
CATEG-3,2021-06-03,1935
CATEG-1,2020-01-06,52
CATEG-3,2021-05-07,2559
CATEG-2,2020-12-09,17
CATEG-1,2020-08-11,54
CATEG-3,2020-06-30,1384
CATEG-2,2021-09-24,10
CATEG-2,2020-04-12,243
CATEG-2,2019-09-01,5
CATEG-1,2020-12-05,98
CATEG-1,2020-05-30,79
CATEG-3,2020-07-12,1095
CATEG-1,2019-10-25,21
CATEG-3,2020-07-17,1541
CATEG-3,2020-05-09,1452
CATEG-2,2020-08-07,39
CATEG-3,2019-11-14,682
CATEG-2,2020-09-24,11
CATEG-1,2019-11-02,10
CATEG-2,2021-04-21,91
CATEG-3,2020-11-30,2791
CATEG-2,2021-05-12,44
CATEG-3,2021-03-12,1899
CATEG-2,2019-08-12,14
CATEG-2,2019-08-02,13
CATEG-1,2019-10-24,17
CATEG-2,2020-08-25,24
CATEG-1,2019-09-17,37
CATEG-1,2020-04-28,67
CATEG-2,2020-04-11,239
CATEG-3,2021-10-02,1911
CATEG-1,2021-09-12,37
CATEG-2,2019-10-24,4
CATEG-3,2020-12-09,2999
CATEG-2,2021-02-16,24
CATEG-2,2019-11-15,5
CATEG-2,2020-04-17,251
CATEG-3,2018-10-05,1
CATEG-3,2020-10-30,1818
CATEG-3,2020-12-07,2765
CATEG-2,2021-01-19,12
CATEG-1,2021-04-17,53
CATEG-3,2021-03-24,1865
CATEG-1,2019-08-28,25
CATEG-3,2021-04-27,2047
CATEG-2,2020-11-06,4
CATEG-3,2019-07-30,645
CATEG-1,2021-03-05,77
CATEG-2,2021-06-21,63
CATEG-3,2019-08-31,479
CATEG-2,2021-11-05,18
CATEG-3,2021-07-03,2328
CATEG-1,2020-06-28,64
CATEG-2,2020-05-23,177
CATEG-3,2018-10-19,0
CATEG-2,2019-11-21,4
CATEG-3,2020-12-30,2470
CATEG-2,2020-08-14,30
CATEG-1,2021-08-05,44
CATEG-3,2021-10-18,2621
CATEG-1,2021-05-18,49
CATEG-1,2019-07-28,14
CATEG-3,2021-08-04,2376
CATEG-1,2021-09-14,56
CATEG-3,2019-11-27,710
CATEG-1,2020-02-13,30
CATEG-3,2020-03-28,489
CATEG-3,2019-12-14,1028
CATEG-2,2019-11-09,2
CATEG-2,2021-10-07,21
CATEG-2,2021-06-16,59
CATEG-1,2019-11-26,53
CATEG-3,2020-06-01,2464
CATEG-3,2020-07-15,1536
CATEG-2,2019-06-18,17
CATEG-1,2021-04-25,44
CATEG-1,2021-04-18,46
CATEG-1,2021-04-14,46
CATEG-1,2021-05-25,86
CATEG-1,2020-09-17,55
CATEG-3,2019-06-27,490
CATEG-2,2019-10-04,2
CATEG-3,2021-04-24,1500
CATEG-2,2020-09-04,18
CATEG-1,2021-08-24,61
CATEG-1,2020-03-12,23
CATEG-1,2020-03-11,38
CATEG-1,2020-04-04,31
CATEG-1,2021-09-28,38
CATEG-2,2021-07-13,57
CATEG-3,2019-06-13,561
CATEG-3,2019-09-19,658
CATEG-3,2021-08-26,1922
CATEG-2,2021-02-11,24
CATEG-3,2018-10-29,0
CATEG-3,2020-05-05,1866
CATEG-3,2020-05-19,2054
CATEG-1,2021-02-27,65
CATEG-2,2021-10-24,9
CATEG-2,2019-09-26,9
CATEG-1,2020-03-05,33
CATEG-2,2019-11-16,4
CATEG-1,2019-12-23,72
CATEG-1,2021-10-26,46
CATEG-3,2019-10-02,621
CATEG-3,2019-06-14,520
CATEG-3,2020-03-18,604
CATEG-2,2020-01-10,2
CATEG-2,2020-03-09,11
CATEG-3,2021-06-19,1654
CATEG-1,2021-10-30,26
CATEG-1,2020-05-26,109
CATEG-2,2020-12-27,26
CATEG-2,2021-09-05,13
CATEG-2,2019-07-18,22
CATEG-3,2021-03-07,1758
CATEG-2,2020-05-02,239
CATEG-2,2019-08-29,4
CATEG-1,2021-03-17,65
CATEG-3,2020-09-02,1719
CATEG-1,2020-12-13,163
CATEG-3,2019-10-16,629
CATEG-2,2021-09-12,15
CATEG-3,2019-09-30,623
CATEG-1,2019-08-30,24
CATEG-3,2021-09-14,2390
CATEG-2,2020-09-09,19
CATEG-1,2021-09-11,42
CATEG-3,2019-08-02,551
CATEG-3,2020-01-03,782
CATEG-3,2020-02-20,686
CATEG-3,2021-03-09,1934
CATEG-2,2020-04-06,239
CATEG-1,2019-10-07,21
CATEG-3,2019-12-25,515
CATEG-2,2021-04-28,157
CATEG-1,2020-06-05,58
CATEG-1,2020-08-24,48
CATEG-2,2019-08-01,11
CATEG-1,2020-06-02,68
CATEG-2,2019-12-20,4
CATEG-2,2019-07-19,14
CATEG-2,2020-09-14,12
CATEG-1,2021-06-13,37
CATEG-1,2021-10-28,48
CATEG-1,2020-04-15,57
CATEG-2,2020-08-08,28
CATEG-2,2019-11-20,5
CATEG-1,2020-05-05,75
CATEG-2,2020-10-24,8
CATEG-2,2020-04-26,246
CATEG-1,2021-02-28,61
CATEG-2,2021-04-29,102
CATEG-2,2021-02-13,20
CATEG-1,2020-04-24,61
CATEG-2,2019-10-20,2
CATEG-2,2020-10-06,10
CATEG-2,2021-07-14,49
CATEG-1,2019-07-29,28
CATEG-2,2021-03-10,83
CATEG-3,2020-01-25,534
CATEG-2,2019-12-23,4
CATEG-3,2021-10-28,1988
CATEG-1,2020-05-23,111
CATEG-2,2020-01-09,3
CATEG-3,2019-11-29,961
CATEG-1,2021-01-03,95
CATEG-3,2021-05-27,3491
CATEG-2,2019-11-02,2
CATEG-2,2021-02-01,34
CATEG-2,2019-08-21,8
CATEG-2,2021-08-17,36
CATEG-3,2020-04-14,925
CATEG-2,2021-05-11,71
CATEG-2,2019-11-18,6
CATEG-1,2021-07-19,74
CATEG-1,2021-01-24,77
CATEG-1,2021-01-23,72
CATEG-2,2020-02-04,5
CATEG-2,2021-08-01,42
CATEG-1,2020-01-13,40
CATEG-2,2020-07-07,87
CATEG-2,2020-02-17,7
CATEG-3,2021-04-12,1967
CATEG-3,2019-10-13,414
CATEG-1,2020-08-13,53
CATEG-2,2020-02-20,4
CATEG-2,2021-07-03,30
CATEG-2,2021-01-03,32
CATEG-1,2021-09-04,43
CATEG-1,2021-09-20,53
CATEG-2,2021-11-06,17
CATEG-3,2021-02-25,1851
CATEG-3,2021-04-19,2005
CATEG-1,2020-01-26,26
CATEG-3,2020-05-08,1672
CATEG-2,2021-05-09,39
CATEG-3,2019-12-22,745
CATEG-1,2021-07-31,44
CATEG-3,2020-07-20,1499
CATEG-3,2018-10-09,2
CATEG-1,2020-09-21,60
CATEG-1,2021-02-26,75
CATEG-1,2020-11-17,104
CATEG-3,2019-07-04,534
CATEG-1,2020-02-16,22
CATEG-3,2020-12-26,2476
CATEG-3,2021-09-16,2020
CATEG-2,2020-10-26,11
CATEG-3,2021-08-27,2022
CATEG-3,2019-07-08,641
CATEG-3,2020-06-20,1151
CATEG-2,2020-03-06,9
CATEG-3,2018-10-08,1
CATEG-1,2021-01-17,80
CATEG-2,2021-03-06,85
CATEG-3,2020-12-31,1739
CATEG-3,2021-02-07,1733
CATEG-2,2020-09-18,8
CATEG-3,2020-07-04,1148
CATEG-1,2020-10-04,33
CATEG-3,2019-09-12,521
CATEG-1,2021-07-18,55
CATEG-2,2020-09-29,10
CATEG-2,2021-01-24,11
CATEG-2,2020-09-05,21
CATEG-1,2021-06-04,50
CATEG-2,2021-08-04,51
CATEG-1,2021-01-29,82
CATEG-1,2021-09-08,53
CATEG-2,2021-10-28,15
CATEG-2,2019-08-30,5
CATEG-1,2020-10-23,36
CATEG-3,2018-10-06,1
CATEG-3,2020-11-08,1659
CATEG-3,2020-10-12,2076
CATEG-1,2021-03-11,71
CATEG-2,2019-07-13,18
CATEG-3,2020-04-12,586
CATEG-3,2021-07-29,1860
CATEG-1,2019-06-24,27
CATEG-2,2021-03-15,170
CATEG-1,2019-07-10,26
CATEG-1,2019-08-05,24
CATEG-1,2021-03-01,75
CATEG-2,2021-07-21,47
CATEG-3,2021-10-07,2223
CATEG-1,2020-07-07,79
CATEG-2,2021-01-26,27
CATEG-2,2019-10-01,3
CATEG-1,2020-12-06,115
CATEG-1,2021-02-23,97
CATEG-1,2020-08-12,53
CATEG-3,2020-03-19,485
CATEG-1,2021-02-11,93
CATEG-2,2021-10-06,20
CATEG-3,2020-04-28,1229
CATEG-3,2021-09-27,2023
CATEG-3,2020-01-07,773
CATEG-2,2019-06-15,9
CATEG-2,2021-05-31,60
CATEG-3,2020-03-08,584
CATEG-3,2020-12-06,2300
CATEG-3,2020-07-11,1059
CATEG-2,2019-11-06,4
CATEG-2,2020-04-22,285
CATEG-3,2020-12-25,1757
CATEG-3,2021-03-13,1844
CATEG-3,2020-10-21,2165
CATEG-2,2021-02-06,24
CATEG-1,2021-11-04,52
CATEG-3,2019-09-18,677
CATEG-3,2018-10-15,1
CATEG-2,2019-12-29,6
CATEG-2,2020-10-18,10
CATEG-1,2019-10-04,13
CATEG-2,2021-08-25,19
CATEG-3,2021-07-13,2417
CATEG-1,2019-12-22,58
CATEG-1,2020-11-29,87
CATEG-1,2020-04-01,38
CATEG-2,2020-11-30,11
CATEG-3,2021-11-03,2065
CATEG-3,2021-09-25,1551
CATEG-3,2019-10-28,634
CATEG-2,2021-10-05,18
CATEG-2,2019-06-21,10
CATEG-3,2021-02-28,1868
CATEG-2,2019-10-21,2
CATEG-1,2019-06-13,24
CATEG-2,2021-03-17,136
CATEG-1,2019-08-15,25
CATEG-1,2020-08-04,61
CATEG-1,2020-01-12,23
CATEG-2,2021-04-15,125
CATEG-1,2021-07-11,38
CATEG-1,2021-10-22,38
CATEG-3,2020-05-07,1536
CATEG-2,2020-02-06,3
CATEG-1,2021-10-16,41
CATEG-2,2020-11-07,5
CATEG-1,2021-09-02,41
CATEG-3,2019-11-10,530
CATEG-2,2021-09-22,16
CATEG-2,2020-09-20,10
CATEG-1,2021-06-16,47
CATEG-2,2020-08-06,46
CATEG-3,2020-01-01,455
CATEG-3,2020-03-26,519
CATEG-2,2020-10-01,11
CATEG-1,2020-05-09,47
CATEG-2,2020-02-19,7
CATEG-1,2019-10-16,25
CATEG-1,2021-07-23,52
CATEG-2,2021-08-31,21
CATEG-1,2021-04-01,51
CATEG-2,2020-11-11,13
CATEG-1,2020-12-27,83
CATEG-3,2021-08-14,2085
CATEG-1,2020-05-29,89
CATEG-1,2021-01-19,97
CATEG-3,2020-03-31,614
CATEG-1,2019-08-11,25
CATEG-1,2021-03-23,67
CATEG-1,2019-07-31,28
CATEG-1,2019-12-26,76
CATEG-2,2020-09-15,11
CATEG-1,2019-07-21,16
CATEG-1,2021-08-26,41
CATEG-3,2020-11-11,2862
CATEG-3,2021-10-15,2166
CATEG-3,2020-07-19,1305
CATEG-2,2020-03-03,11
CATEG-3,2020-09-20,1243
CATEG-2,2020-07-06,112
CATEG-3,2020-01-05,614
CATEG-2,2021-04-20,111
CATEG-3,2021-04-01,1905
CATEG-1,2019-11-28,62
CATEG-1,2020-02-14,18
CATEG-1,2020-07-28,65
CATEG-3,2021-02-17,2025
CATEG-3,2020-12-20,4204
CATEG-3,2020-07-27,1386
CATEG-1,2020-11-20,142
CATEG-1,2021-01-15,80
CATEG-3,2019-11-28,818
CATEG-2,2021-04-02,103
CATEG-1,2019-08-26,28
CATEG-2,2020-02-27,5
CATEG-3,2021-04-23,1688
CATEG-1,2020-11-07,68
CATEG-2,2020-08-02,49
CATEG-1,2021-01-07,82
CATEG-2,2019-07-27,7
CATEG-1,2021-05-30,106
CATEG-1,2019-08-18,18
CATEG-2,2021-06-15,63
CATEG-3,2020-10-16,1754
CATEG-3,2021-11-07,2576
CATEG-2,2020-07-15,104
CATEG-3,2019-10-15,647
CATEG-1,2019-11-05,22
CATEG-1,2020-06-26,89
CATEG-1,2021-04-28,47
CATEG-2,2020-09-30,11
CATEG-2,2019-11-01,1
CATEG-1,2020-05-27,122
CATEG-2,2019-11-23,1
CATEG-3,2021-04-29,1923
CATEG-3,2019-12-01,727
CATEG-3,2020-02-26,734
CATEG-1,2019-06-11,27
CATEG-2,2021-08-10,40
CATEG-1,2020-02-12,22
CATEG-2,2019-12-24,4
CATEG-1,2019-11-03,12
CATEG-2,2020-05-16,143
CATEG-1,2021-06-10,41
CATEG-1,2020-12-16,192
CATEG-3,2021-05-15,1814
CATEG-3,2019-10-04,459
CATEG-1,2021-04-10,39
CATEG-1,2020-11-18,109
CATEG-1,2019-09-22,22
CATEG-3,2020-07-13,1322
CATEG-1,2019-10-11,21
CATEG-1,2021-01-02,83
CATEG-1,2019-11-07,18
CATEG-1,2021-10-08,37
CATEG-1,2020-08-30,44
CATEG-2,2021-08-07,37
CATEG-1,2021-07-06,54
CATEG-2,2020-01-27,7
CATEG-2,2021-06-06,42
CATEG-2,2020-10-17,9
CATEG-3,2021-05-09,2219
CATEG-2,2021-10-22,11
CATEG-3,2021-08-08,1917
CATEG-3,2021-05-02,1877
CATEG-2,2021-09-15,18
CATEG-3,2020-02-24,766
CATEG-2,2020-10-09,7
CATEG-2,2021-06-05,29
CATEG-2,2021-10-02,18
CATEG-3,2020-07-03,1320
CATEG-2,2021-07-30,41
CATEG-2,2020-12-30,29
CATEG-1,2021-09-24,41
CATEG-3,2020-10-20,2142
CATEG-3,2019-12-15,1126
CATEG-1,2021-09-06,54
CATEG-1,2020-07-05,67
CATEG-2,2021-10-14,20
CATEG-3,2021-04-05,1999
CATEG-2,2021-08-21,24
CATEG-3,2020-12-19,4001
CATEG-3,2021-03-16,2127
CATEG-1,2021-04-07,67
CATEG-3,2021-05-21,2082
CATEG-2,2021-04-22,86
CATEG-1,2021-04-08,54
CATEG-3,2021-09-10,2222
CATEG-2,2020-03-08,6
CATEG-2,2020-04-19,280
CATEG-3,2020-11-06,1801
CATEG-3,2021-05-19,2340
CATEG-1,2020-02-07,26
CATEG-1,2020-03-15,19
CATEG-2,2019-10-10,2
CATEG-1,2021-03-09,63
CATEG-1,2020-08-03,71
CATEG-2,2019-09-16,3
CATEG-3,2021-08-21,1704
CATEG-3,2021-08-23,2175
CATEG-1,2020-08-28,46
CATEG-1,2019-08-13,32
CATEG-3,2020-09-06,1476
CATEG-3,2021-01-07,2258
CATEG-3,2021-06-15,2732
CATEG-1,2020-07-03,66
CATEG-1,2020-04-22,63
CATEG-3,2020-09-28,1402
CATEG-3,2021-09-03,1975
CATEG-1,2020-04-10,31
CATEG-1,2021-01-04,105
CATEG-2,2020-03-24,93
CATEG-1,2020-04-11,36
CATEG-1,2021-06-22,66
CATEG-2,2020-02-25,5
CATEG-3,2021-07-20,1962
CATEG-1,2020-08-10,58
CATEG-1,2020-10-14,55
CATEG-3,2021-04-21,1898
CATEG-3,2019-10-17,528
CATEG-1,2020-06-14,63
CATEG-3,2020-03-29,439
CATEG-3,2019-11-12,767
CATEG-1,2019-07-09,28
CATEG-3,2020-05-30,2368
CATEG-2,2021-01-10,9
CATEG-1,2020-03-23,30
CATEG-3,2020-08-23,1217
CATEG-2,2020-09-02,30
CATEG-1,2019-08-06,23
CATEG-1,2019-06-30,20
CATEG-1,2020-05-31,94
CATEG-2,2020-10-07,9
CATEG-1,2021-04-13,56
CATEG-1,2019-07-16,37
CATEG-3,2019-11-02,373
CATEG-3,2019-07-15,1003
CATEG-3,2019-12-19,1273
CATEG-2,2021-05-08,34
CATEG-3,2021-03-20,1691
CATEG-3,2020-06-04,1413
CATEG-3,2020-11-15,3321
CATEG-3,2021-01-08,2018
CATEG-3,2021-04-16,1868
CATEG-2,2021-01-17,11
CATEG-2,2020-06-13,75
CATEG-3,2021-07-14,2400
CATEG-3,2021-06-25,1581
CATEG-3,2018-10-24,0
CATEG-1,2020-10-27,33
CATEG-2,2020-01-17,4
CATEG-3,2020-06-15,1832
CATEG-1,2020-10-11,30
CATEG-3,2020-08-14,1436
CATEG-1,2021-07-27,67
CATEG-3,2020-02-06,748
CATEG-3,2020-04-24,931
CATEG-3,2020-12-13,3126
CATEG-1,2019-10-05,11
CATEG-2,2021-09-11,17
CATEG-2,2021-09-21,25
CATEG-1,2019-12-06,70
CATEG-2,2021-06-17,56
CATEG-3,2020-02-21,631
CATEG-3,2020-10-13,2705
CATEG-2,2021-07-20,56
CATEG-1,2021-10-15,30
CATEG-2,2020-02-10,4
CATEG-3,2019-11-30,741
CATEG-2,2021-04-09,108
CATEG-3,2020-10-29,1452
CATEG-2,2021-06-12,46
CATEG-1,2019-11-21,35
CATEG-1,2021-04-04,52
CATEG-2,2020-05-09,119
CATEG-2,2021-04-05,111
CATEG-1,2020-08-20,47
CATEG-3,2020-11-21,2086
CATEG-1,2020-10-24,25
CATEG-2,2020-03-17,37
CATEG-3,2021-10-06,2439
CATEG-3,2019-08-26,643
CATEG-2,2020-11-09,19
CATEG-3,2021-06-27,1601
CATEG-2,2021-10-09,12
CATEG-3,2020-08-24,1482
CATEG-1,2021-03-04,70
CATEG-2,2020-03-02,8
CATEG-2,2020-03-22,68
CATEG-3,2021-10-03,2095
CATEG-1,2021-05-08,33
CATEG-3,2021-09-04,1883
CATEG-3,2021-03-08,2121
CATEG-3,2020-08-04,1382
CATEG-3,2019-12-10,1203
CATEG-1,2021-01-10,50
CATEG-3,2018-11-08,0
CATEG-2,2020-07-21,82
CATEG-3,2021-08-25,2020
CATEG-3,2021-06-07,1872
CATEG-3,2018-09-28,2
CATEG-1,2020-05-25,112
CATEG-1,2021-02-17,78
CATEG-3,2019-09-10,603
CATEG-2,2019-12-07,5
CATEG-1,2021-08-10,42
CATEG-3,2021-02-09,2104
CATEG-2,2020-04-20,298
CATEG-1,2020-11-02,35
CATEG-2,2021-10-29,12
CATEG-3,2019-12-08,773
CATEG-1,2021-07-14,58
CATEG-2,2021-04-08,103
CATEG-2,2020-02-18,6
CATEG-1,2019-07-15,39
CATEG-3,2020-02-22,542
CATEG-2,2021-07-18,52
CATEG-1,2019-11-17,122
CATEG-2,2020-11-16,16
CATEG-3,2021-08-02,2284
CATEG-3,2021-09-20,2092
CATEG-1,2019-08-29,26
CATEG-3,2021-10-30,1597
CATEG-3,2020-04-08,665
CATEG-3,2021-02-12,2137
CATEG-3,2021-02-11,2070
CATEG-3,2021-07-10,1741
CATEG-1,2021-07-22,61
CATEG-3,2019-06-12,679
CATEG-2,2021-04-13,120
CATEG-1,2021-01-18,94
CATEG-1,2021-02-20,64
CATEG-3,2020-01-02,811
CATEG-2,2020-06-24,73
CATEG-1,2020-05-21,77
CATEG-3,2020-02-08,620
CATEG-3,2021-10-21,2058
CATEG-1,2021-03-13,55
CATEG-3,2020-11-27,2146
CATEG-2,2021-04-03,95
CATEG-3,2020-10-07,1391
CATEG-2,2021-09-17,17
CATEG-3,2019-09-16,511
CATEG-2,2020-12-16,30
CATEG-1,2021-08-02,52
CATEG-1,2019-12-28,53
CATEG-2,2020-05-10,74
CATEG-2,2019-08-10,8
CATEG-1,2021-11-09,65
CATEG-2,2019-09-19,2
CATEG-2,2021-11-07,13
CATEG-2,2020-10-05,12
CATEG-2,2019-10-05,1
CATEG-1,2020-06-23,61
CATEG-3,2021-01-04,2618
CATEG-1,2019-12-27,81
CATEG-2,2020-12-25,14
CATEG-3,2020-07-28,1488
CATEG-3,2021-08-18,2196
CATEG-2,2020-03-12,14
CATEG-3,2021-10-05,2322
CATEG-3,2020-08-15,1338
CATEG-1,2020-04-08,38
CATEG-3,2021-02-27,1922
CATEG-2,2019-11-13,4
CATEG-1,2020-06-15,74
CATEG-1,2019-09-29,8
CATEG-1,2021-11-11,194
CATEG-3,2019-07-02,599
CATEG-3,2020-08-16,1314
CATEG-2,2019-12-12,7
CATEG-3,2021-08-29,1925
CATEG-1,2020-02-04,25
CATEG-2,2021-05-17,50
CATEG-2,2019-10-28,2
CATEG-2,2019-09-15,3
CATEG-1,2020-01-31,28
CATEG-1,2019-06-19,22
CATEG-1,2019-07-04,30
CATEG-2,2020-02-03,1
CATEG-2,2021-06-20,31
CATEG-3,2021-10-23,1850
CATEG-3,2021-08-24,2018
CATEG-1,2021-06-14,51
CATEG-2,2019-08-27,5
CATEG-1,2021-04-26,62
CATEG-3,2021-05-04,2262
CATEG-3,2020-08-27,1420
CATEG-2,2020-05-07,152
CATEG-2,2020-10-23,8
CATEG-3,2020-06-09,1372
CATEG-3,2021-01-02,2227
CATEG-2,2021-08-18,35
CATEG-1,2021-02-25,74
CATEG-2,2019-09-07,3
CATEG-3,2021-02-01,2166
CATEG-3,2020-08-25,1456
CATEG-1,2020-10-15,42
CATEG-2,2021-04-25,95
CATEG-2,2019-09-27,2
CATEG-2,2019-06-19,11
CATEG-3,2020-12-02,2491
CATEG-3,2019-11-13,695
CATEG-3,2020-12-21,4773
CATEG-2,2020-06-14,109
CATEG-3,2020-12-16,4244
CATEG-2,2021-10-23,9
CATEG-2,2021-07-04,34
CATEG-3,2021-08-01,1844
CATEG-1,2020-05-03,59
CATEG-1,2020-05-06,63
CATEG-1,2021-01-08,66
CATEG-3,2020-02-05,801
CATEG-1,2021-10-10,29
CATEG-1,2021-10-27,46
CATEG-1,2021-09-13,63
CATEG-1,2020-05-17,59
CATEG-1,2019-10-28,18
CATEG-3,2021-02-21,1784
CATEG-2,2020-07-04,93
CATEG-1,2019-11-09,15
CATEG-3,2021-09-26,1852
CATEG-3,2021-09-28,1936
CATEG-3,2021-06-06,1654
CATEG-1,2019-07-17,34
CATEG-1,2020-08-19,45
CATEG-1,2019-09-04,27
CATEG-2,2019-06-27,11
CATEG-3,2020-06-17,1562
CATEG-3,2019-07-07,418
CATEG-1,2020-03-14,21
CATEG-1,2019-11-10,13
CATEG-2,2020-06-16,124
CATEG-2,2020-10-13,13
CATEG-2,2019-11-07,1
CATEG-1,2020-12-01,118
CATEG-2,2020-03-15,20
CATEG-2,2019-12-04,5
CATEG-1,2020-12-11,177
CATEG-1,2020-05-20,85
CATEG-3,2020-08-20,1653
CATEG-3,2020-07-18,1368
CATEG-2,2019-07-07,14
CATEG-1,2020-06-27,54
CATEG-1,2020-05-22,141
CATEG-2,2019-06-14,9
CATEG-1,2020-03-09,32
CATEG-2,2020-03-25,106
CATEG-1,2020-12-26,90
CATEG-2,2019-10-29,1
CATEG-1,2020-03-10,34
CATEG-3,2019-10-12,375
CATEG-2,2020-12-10,32
CATEG-2,2020-09-01,23
CATEG-2,2020-04-16,268
CATEG-2,2021-07-26,53
CATEG-2,2020-08-29,22
CATEG-3,2019-07-10,628
CATEG-1,2020-07-09,77
CATEG-1,2020-03-19,25
CATEG-3,2020-01-09,707
CATEG-1,2021-10-25,40
CATEG-3,2020-07-29,1420
CATEG-2,2020-10-21,11
CATEG-3,2020-09-18,1295
CATEG-3,2019-07-03,566
CATEG-2,2020-07-02,87
CATEG-2,2020-07-08,75
CATEG-2,2021-01-30,16
CATEG-1,2021-02-01,104
CATEG-3,2019-12-30,776
CATEG-1,2020-11-23,65
CATEG-1,2020-07-30,62
CATEG-1,2019-10-27,12
CATEG-3,2021-07-21,2009
CATEG-1,2021-05-11,42
CATEG-3,2018-10-22,0
CATEG-1,2019-11-04,25
CATEG-1,2021-08-09,64
CATEG-2,2021-07-28,54
CATEG-2,2019-07-20,12
CATEG-2,2019-07-15,34
CATEG-2,2020-12-04,13
CATEG-3,2019-12-04,881
CATEG-1,2019-10-22,25
CATEG-1,2020-09-01,68
CATEG-1,2021-03-31,60
CATEG-3,2021-01-31,1906
CATEG-1,2021-08-13,48
CATEG-1,2021-06-06,33
CATEG-3,2021-03-22,1991
CATEG-3,2020-08-11,1474
CATEG-2,2021-06-28,36
CATEG-2,2021-06-27,34
CATEG-2,2020-02-15,3
CATEG-2,2021-02-17,27
CATEG-3,2020-04-22,1009
CATEG-1,2019-12-31,56
CATEG-1,2021-05-24,113
CATEG-1,2021-09-27,47
CATEG-3,2021-07-17,1858
CATEG-1,2020-09-22,54
CATEG-2,2019-06-20,12
CATEG-1,2020-08-31,63
CATEG-1,2020-05-10,40
CATEG-2,2020-04-09,175
CATEG-2,2020-04-14,332
CATEG-2,2021-06-10,53
CATEG-1,2020-07-10,72
CATEG-1,2020-05-13,55
CATEG-2,2019-08-24,1
CATEG-3,2020-12-17,4087
CATEG-1,2021-05-14,30
CATEG-1,2019-09-05,18
CATEG-3,2020-02-15,554
CATEG-2,2020-11-20,23
CATEG-2,2019-09-10,4
CATEG-2,2019-07-21,12
CATEG-3,2020-08-01,1253
CATEG-1,2019-12-04,64
CATEG-3,2021-03-30,2008
CATEG-3,2020-05-01,1356
CATEG-3,2020-08-10,1479
CATEG-1,2019-10-14,25
CATEG-3,2019-08-15,696
CATEG-1,2021-03-20,44
CATEG-3,2021-06-22,2808
CATEG-2,2019-06-25,15
CATEG-3,2020-12-29,2973
CATEG-1,2021-05-27,95
CATEG-3,2020-05-14,1646
CATEG-2,2020-05-17,146
CATEG-3,2020-12-03,2415
CATEG-1,2021-10-23,40
CATEG-2,2020-04-01,177
CATEG-1,2021-02-12,95
CATEG-2,2019-11-30,4
CATEG-1,2021-01-26,82
CATEG-1,2020-12-21,137
CATEG-3,2020-10-08,1380
CATEG-1,2021-09-30,35
CATEG-3,2020-08-21,1402
CATEG-2,2021-08-03,48
CATEG-3,2021-02-06,1868
CATEG-1,2020-06-21,38
CATEG-1,2021-06-07,43
CATEG-2,2021-10-10,18
CATEG-1,2020-07-26,51
CATEG-1,2019-12-16,105
CATEG-3,2020-07-07,1277
CATEG-2,2021-03-25,159
CATEG-2,2019-07-23,14
CATEG-1,2020-02-26,22
CATEG-3,2020-05-17,1516
CATEG-3,2019-12-24,650
CATEG-2,2020-10-29,9
CATEG-1,2021-05-05,47
CATEG-3,2018-10-12,2
CATEG-1,2020-06-03,50
CATEG-2,2019-10-03,3
CATEG-2,2020-07-29,42
CATEG-1,2021-08-15,46
CATEG-2,2020-01-23,4
CATEG-3,2020-01-18,579
CATEG-1,2019-08-16,25
CATEG-3,2020-11-19,3560
CATEG-1,2021-09-17,39
CATEG-2,2021-11-08,21
CATEG-3,2021-03-23,1978
CATEG-1,2020-03-29,26
CATEG-3,2021-09-12,2079
CATEG-2,2020-09-07,19
CATEG-1,2019-12-14,68
CATEG-2,2019-11-26,7
CATEG-2,2021-06-26,34
CATEG-3,2020-06-28,1049
CATEG-3,2021-04-09,1815
CATEG-2,2021-03-03,81
CATEG-3,2020-04-06,769
CATEG-1,2020-10-30,25
CATEG-2,2021-02-08,34
CATEG-1,2020-05-19,80
CATEG-3,2019-10-24,492
CATEG-3,2020-11-10,3149
CATEG-3,2020-02-17,775
CATEG-3,2020-01-11,570
CATEG-1,2019-07-26,16
CATEG-2,2020-04-15,264
CATEG-1,2020-06-30,77
CATEG-3,2021-02-15,2019
CATEG-2,2020-01-07,3
CATEG-2,2019-10-07,3
CATEG-1,2020-08-06,64
CATEG-1,2021-05-02,50
CATEG-2,2020-05-30,121
CATEG-3,2020-11-05,1866
CATEG-2,2020-07-19,81
CATEG-2,2020-06-21,84
CATEG-3,2018-10-07,1
CATEG-2,2020-08-15,32
CATEG-1,2020-05-07,45
CATEG-2,2021-05-29,51
CATEG-3,2019-11-05,618
CATEG-1,2021-03-25,58
CATEG-3,2019-09-04,622
CATEG-2,2021-05-10,44
CATEG-1,2020-09-12,42
CATEG-1,2020-02-29,16
CATEG-2,2021-09-30,18
CATEG-3,2020-02-19,751
CATEG-1,2019-06-26,24
CATEG-1,2020-12-31,68
CATEG-1,2020-10-26,33
CATEG-1,2021-01-09,53
CATEG-2,2019-07-16,28
CATEG-1,2021-06-15,51
CATEG-2,2019-11-24,4
CATEG-2,2020-10-11,8
CATEG-2,2020-04-18,242
CATEG-2,2019-11-27,3
CATEG-2,2019-12-31,4
CATEG-2,2020-01-05,1
CATEG-1,2019-06-23,14
CATEG-2,2020-01-11,2
CATEG-2,2021-09-19,20
CATEG-3,2020-05-10,1300
CATEG-2,2020-12-01,12
CATEG-3,2021-01-14,2049
CATEG-1,2020-07-27,76
CATEG-3,2020-05-16,1566
CATEG-3,2020-03-13,638
CATEG-1,2020-04-03,38
CATEG-3,2019-07-01,619
CATEG-3,2020-08-12,1423
CATEG-3,2020-08-08,1106
CATEG-3,2021-07-16,2162
CATEG-3,2021-02-23,1971
CATEG-1,2020-04-14,56
CATEG-3,2021-08-22,1753
CATEG-3,2020-09-08,1791
CATEG-2,2019-07-02,16
CATEG-1,2019-11-27,35
CATEG-2,2019-10-06,3
CATEG-1,2021-04-23,46
CATEG-1,2020-07-29,56
CATEG-1,2020-11-26,73
CATEG-2,2021-02-28,86
CATEG-1,2019-09-27,17
CATEG-3,2020-11-28,2318
CATEG-3,2021-08-13,1997
CATEG-3,2021-06-10,1957
CATEG-3,2021-04-10,1633
CATEG-3,2021-07-27,1923
CATEG-3,2021-01-23,2069
CATEG-1,2021-05-31,147
CATEG-2,2019-07-14,18
CATEG-1,2019-12-13,90
CATEG-1,2020-07-01,70
CATEG-1,2019-12-03,77
CATEG-2,2020-06-01,153
CATEG-1,2020-01-10,29
CATEG-1,2019-08-08,25
CATEG-2,2020-07-17,110
CATEG-2,2020-11-29,12
CATEG-3,2019-06-30,424
CATEG-1,2021-10-29,43
CATEG-3,2020-03-30,618
CATEG-1,2019-07-30,25
CATEG-1,2020-06-09,84
CATEG-1,2021-06-05,39
CATEG-3,2021-11-12,3829
CATEG-3,2020-12-11,3009
CATEG-3,2019-06-23,387
CATEG-2,2019-12-11,9
CATEG-2,2019-10-27,2
CATEG-3,2019-10-30,575
CATEG-1,2021-05-10,36
CATEG-1,2020-07-08,73
CATEG-1,2021-06-19,37
CATEG-3,2019-06-25,588
CATEG-3,2020-02-28,672
CATEG-1,2020-01-23,39
CATEG-1,2021-07-17,46
CATEG-2,2019-12-17,9
CATEG-2,2020-12-20,40
CATEG-3,2019-09-13,450
CATEG-1,2019-07-20,11
CATEG-3,2021-07-06,2571
CATEG-1,2020-04-05,23
CATEG-3,2019-11-16,1209
CATEG-2,2021-08-28,19
CATEG-1,2021-03-02,79
CATEG-2,2021-08-06,39
CATEG-2,2020-05-14,98
CATEG-1,2020-05-28,91
CATEG-1,2020-12-04,100
CATEG-1,2020-04-29,78
CATEG-2,2020-11-01,11
CATEG-2,2020-11-14,17
CATEG-1,2020-07-20,71
CATEG-2,2019-11-03,3
CATEG-2,2021-11-02,18
CATEG-2,2021-01-04,33
CATEG-1,2020-03-17,32
CATEG-1,2021-07-15,62
CATEG-2,2021-02-27,68
CATEG-2,2020-03-20,40
CATEG-3,2020-08-26,1418
CATEG-2,2019-11-19,4
CATEG-3,2020-07-22,1418
CATEG-3,2020-07-23,1371
CATEG-1,2020-02-05,25
CATEG-2,2020-11-13,18
CATEG-3,2020-09-12,1284
CATEG-1,2020-06-13,59
CATEG-2,2020-07-03,67
CATEG-3,2020-06-24,1196
CATEG-3,2019-08-24,446
CATEG-1,2020-12-29,112
CATEG-2,2020-04-23,307
CATEG-2,2021-07-27,40
CATEG-1,2021-06-27,31
CATEG-1,2021-09-23,45
CATEG-2,2021-04-01,171
CATEG-2,2021-08-02,49
CATEG-3,2021-07-12,2149
CATEG-3,2021-10-11,2171
CATEG-2,2020-11-05,7
CATEG-1,2021-09-01,50
CATEG-3,2020-06-25,1256
CATEG-3,2019-08-03,448
CATEG-1,2020-11-12,139
CATEG-3,2020-04-05,557
CATEG-3,2021-01-03,2369
CATEG-2,2019-08-23,6
CATEG-1,2020-03-26,25
CATEG-2,2020-11-23,10
CATEG-3,2020-04-07,695
CATEG-1,2021-09-16,36
CATEG-1,2021-10-01,33
CATEG-3,2020-08-03,1411
CATEG-3,2021-06-09,2261
CATEG-2,2019-09-03,4
CATEG-3,2020-10-06,1445
CATEG-2,2021-02-05,22
CATEG-3,2020-07-30,1389
CATEG-2,2019-09-30,3
CATEG-1,2020-11-06,67
CATEG-3,2020-04-30,1382
CATEG-2,2021-06-08,54
CATEG-1,2021-10-12,43
CATEG-3,2019-08-07,714
CATEG-2,2020-03-29,134
CATEG-1,2019-07-05,23
CATEG-3,2020-05-22,2828
CATEG-2,2021-10-08,11
CATEG-2,2020-01-02,7
CATEG-3,2021-09-07,2544
CATEG-2,2019-07-25,15
CATEG-1,2021-03-19,50
CATEG-1,2021-07-01,46
CATEG-1,2019-09-25,19
CATEG-1,2021-04-02,55
CATEG-3,2020-11-26,1750
CATEG-1,2019-12-10,102
CATEG-3,2021-02-02,2046
CATEG-3,2019-08-22,635
CATEG-1,2021-07-16,58
CATEG-2,2021-01-27,19
CATEG-3,2019-07-14,482
CATEG-1,2021-09-05,35
CATEG-1,2020-07-17,58
CATEG-2,2019-08-25,4
CATEG-3,2020-05-15,1825
CATEG-2,2019-11-29,5
CATEG-1,2020-01-11,25
CATEG-1,2021-04-22,60
CATEG-1,2020-10-13,60
CATEG-2,2021-05-23,53
CATEG-1,2020-12-03,113
CATEG-1,2020-04-23,62
CATEG-3,2020-06-06,1221
CATEG-1,2020-10-19,44
CATEG-3,2021-09-17,2096
CATEG-3,2020-10-31,1866
CATEG-1,2021-05-17,51
CATEG-3,2021-06-30,2115
CATEG-3,2020-03-12,762
CATEG-3,2020-01-12,597
CATEG-1,2020-09-10,46
CATEG-3,2018-10-20,1
CATEG-2,2021-03-19,84
CATEG-1,2021-04-21,57
CATEG-1,2019-07-08,25
CATEG-1,2021-03-27,46
CATEG-3,2021-04-30,1685
CATEG-3,2021-06-16,2688
CATEG-2,2021-03-24,156
CATEG-2,2021-08-11,44
CATEG-2,2020-01-29,3
CATEG-2,2021-03-26,205
CATEG-3,2020-10-17,1604
CATEG-2,2019-07-06,14
CATEG-2,2019-12-26,5
CATEG-3,2019-12-29,632
CATEG-3,2019-07-17,764
CATEG-1,2020-07-25,57
CATEG-2,2020-11-22,8
CATEG-3,2020-09-15,1431
CATEG-3,2021-01-22,2095
CATEG-2,2021-07-09,33
CATEG-1,2020-06-24,67
CATEG-1,2019-09-16,20
CATEG-3,2020-03-24,502
CATEG-1,2019-12-20,76
CATEG-1,2020-05-08,57
CATEG-3,2020-07-01,1448
CATEG-1,2021-01-25,84
CATEG-3,2019-07-28,406
CATEG-3,2021-04-14,1953
CATEG-1,2019-09-02,26
CATEG-2,2020-06-17,93
CATEG-2,2020-11-10,22
CATEG-1,2019-10-09,19
CATEG-1,2021-02-07,76
CATEG-2,2021-03-28,244
CATEG-2,2021-09-06,18
CATEG-1,2020-09-03,56
CATEG-2,2019-07-04,17
CATEG-1,2020-11-08,62
CATEG-3,2019-10-07,590
CATEG-1,2020-01-27,36
CATEG-1,2021-03-21,54
CATEG-2,2019-09-29,3
CATEG-2,2020-01-22,4
CATEG-3,2018-11-05,0
CATEG-2,2020-04-03,142
CATEG-2,2020-03-04,13
CATEG-2,2021-07-02,25
CATEG-2,2020-06-07,125
CATEG-2,2020-10-02,11
CATEG-3,2019-09-24,637
CATEG-2,2021-02-21,27
CATEG-2,2019-10-08,3
CATEG-3,2021-05-18,2445
CATEG-3,2020-10-01,1375
CATEG-2,2020-11-18,10
CATEG-1,2021-09-22,45
CATEG-2,2019-12-18,10
CATEG-2,2019-12-03,8
CATEG-1,2019-09-26,20
CATEG-3,2020-01-28,739
CATEG-1,2020-09-27,40
CATEG-3,2020-07-05,1166
CATEG-2,2021-07-25,35
CATEG-3,2019-11-11,762
CATEG-2,2021-08-27,21
CATEG-2,2021-04-06,123
CATEG-2,2020-12-22,28
CATEG-1,2021-05-06,43
CATEG-1,2020-01-03,46
CATEG-3,2020-09-29,1377
CATEG-2,2020-07-27,63
CATEG-2,2021-10-17,11
CATEG-3,2020-03-20,428
CATEG-3,2020-01-29,708
CATEG-2,2019-09-12,4
CATEG-1,2020-12-07,174
CATEG-1,2020-11-04,57
CATEG-1,2019-10-23,23
CATEG-2,2020-05-06,222
CATEG-3,2021-01-16,2642
CATEG-2,2019-12-15,9
CATEG-3,2018-11-11,0
CATEG-2,2021-06-19,41
CATEG-3,2020-12-22,3024
CATEG-1,2019-07-06,19
CATEG-1,2021-06-01,58
CATEG-3,2021-07-15,2337
CATEG-1,2019-12-17,110
CATEG-3,2020-05-27,2357
CATEG-3,2020-01-15,839
CATEG-1,2020-01-24,30
CATEG-3,2020-04-09,636
CATEG-3,2021-11-08,2812
CATEG-3,2021-10-13,2221
CATEG-1,2020-09-06,45
CATEG-2,2021-10-31,9
CATEG-3,2020-03-06,655
CATEG-3,2021-07-25,1626
CATEG-2,2020-04-08,166
CATEG-3,2020-06-18,1410
CATEG-2,2021-06-07,48
CATEG-1,2019-07-03,27
CATEG-2,2021-03-21,96
CATEG-1,2019-09-09,27
CATEG-3,2020-01-13,751
CATEG-2,2019-07-29,14
CATEG-2,2020-05-03,250
CATEG-3,2021-09-19,2075
CATEG-3,2021-08-09,2120
CATEG-2,2020-06-20,66
CATEG-1,2019-09-11,23
CATEG-1,2019-10-31,14
CATEG-2,2021-06-24,41
CATEG-2,2021-09-20,19
CATEG-3,2018-10-02,1
CATEG-2,2019-10-16,2
CATEG-1,2020-04-18,58
CATEG-3,2020-02-29,621
CATEG-3,2020-04-11,581
CATEG-3,2019-07-06,446
CATEG-2,2021-06-25,38
CATEG-1,2020-07-22,64
CATEG-1,2020-08-08,47
CATEG-3,2018-09-30,1
CATEG-2,2020-03-19,45
CATEG-3,2019-10-14,646
CATEG-3,2021-05-10,2216
CATEG-1,2020-02-20,22
CATEG-3,2020-01-23,692
CATEG-2,2020-09-28,11
CATEG-1,2020-05-14,58
CATEG-3,2020-09-17,1437
CATEG-3,2018-10-01,2
CATEG-2,2021-02-22,33
CATEG-1,2020-02-02,24
CATEG-1,2020-03-27,26
CATEG-2,2020-08-31,32
CATEG-1,2019-09-30,19
CATEG-2,2021-11-09,13
CATEG-2,2020-10-22,6
CATEG-2,2021-10-01,14
CATEG-2,2021-06-22,64
CATEG-2,2021-04-07,114
CATEG-2,2020-12-23,25
CATEG-3,2020-10-18,1537
CATEG-1,2021-08-03,56
CATEG-3,2021-10-26,2223
CATEG-3,2021-09-30,1918
CATEG-1,2021-08-27,47
CATEG-1,2020-01-22,38
CATEG-1,2019-09-14,13
CATEG-3,2021-01-06,2440
CATEG-1,2020-06-10,86
CATEG-2,2020-05-04,271
CATEG-1,2020-04-16,53
CATEG-2,2020-07-09,93
CATEG-1,2019-06-29,19
CATEG-1,2020-07-11,65
CATEG-3,2020-12-04,3058
CATEG-3,2019-06-28,484
CATEG-3,2020-12-24,1932
CATEG-3,2021-05-22,1970
CATEG-1,2021-07-08,54
CATEG-3,2019-07-25,511
CATEG-3,2018-11-03,0
CATEG-2,2020-05-18,151
CATEG-2,2021-01-09,9
CATEG-3,2019-12-31,612
CATEG-2,2020-09-26,8
CATEG-2,2021-03-01,95
CATEG-3,2019-09-01,505
CATEG-2,2021-03-29,223
CATEG-1,2019-08-14,26
CATEG-3,2021-11-06,2751
CATEG-1,2021-02-21,73
CATEG-1,2020-11-09,210
CATEG-2,2020-08-26,17
CATEG-3,2020-11-18,3667
CATEG-2,2019-07-05,16
CATEG-1,2019-08-03,17
CATEG-2,2021-03-30,210
CATEG-2,2019-09-02,6
CATEG-3,2020-06-07,1218
CATEG-3,2021-04-06,2125
CATEG-3,2020-07-08,1303
CATEG-1,2021-04-16,51
CATEG-1,2020-09-08,63
CATEG-1,2021-07-20,67
CATEG-3,2020-01-20,734
CATEG-3,2021-02-14,1688
CATEG-2,2021-03-08,87
CATEG-1,2021-06-17,51
CATEG-3,2019-12-02,992
CATEG-1,2019-10-18,17
CATEG-1,2020-05-15,60
CATEG-2,2021-09-25,12
CATEG-2,2020-04-13,309
CATEG-2,2020-03-14,17
CATEG-2,2021-09-08,18
CATEG-1,2019-11-13,30
CATEG-1,2019-11-11,32
CATEG-2,2021-06-01,46
CATEG-3,2019-11-06,642
CATEG-3,2021-06-14,2404
CATEG-2,2021-09-23,18
CATEG-3,2020-10-27,1700
CATEG-2,2020-07-10,85
CATEG-1,2020-10-17,32
CATEG-1,2020-04-02,35
CATEG-1,2020-04-09,38
CATEG-3,2019-09-02,708
CATEG-1,2019-06-27,20
CATEG-2,2020-12-24,16
CATEG-1,2021-10-20,39
CATEG-3,2019-06-11,642
CATEG-3,2021-07-02,3582
CATEG-2,2020-08-01,42
CATEG-2,2020-12-26,21
CATEG-2,2021-03-14,118
CATEG-1,2020-01-28,36
CATEG-1,2020-03-04,31
CATEG-1,2021-03-07,63
CATEG-3,2021-01-28,2136
CATEG-2,2020-03-26,99
CATEG-1,2020-05-02,57
CATEG-2,2020-06-11,89
CATEG-2,2019-06-30,11
CATEG-3,2020-07-02,1395
CATEG-2,2021-05-14,40
CATEG-1,2020-11-01,27
CATEG-2,2019-10-09,4
CATEG-1,2019-09-24,20
CATEG-1,2021-06-23,44
CATEG-3,2020-11-20,3513
CATEG-2,2021-01-15,11
CATEG-2,2019-10-18,2
CATEG-2,2021-04-10,112
CATEG-3,2021-05-25,3533
CATEG-3,2020-09-03,1548
CATEG-1,2020-07-12,64
CATEG-1,2021-04-05,69
CATEG-2,2020-04-07,182
CATEG-1,2021-02-08,103
CATEG-2,2019-09-11,4
CATEG-3,2020-07-14,1442
CATEG-1,2021-06-20,36
CATEG-2,2021-01-12,15
CATEG-2,2019-12-30,7
CATEG-2,2021-09-02,22
CATEG-2,2019-12-16,13
CATEG-3,2020-03-01,650
CATEG-1,2020-11-03,37
CATEG-2,2021-05-15,32
CATEG-1,2019-09-07,20
CATEG-3,2019-06-22,396
CATEG-3,2019-06-18,585
CATEG-3,2021-08-06,2191
CATEG-2,2021-10-03,19
CATEG-3,2019-12-09,1148
CATEG-3,2020-03-15,539
CATEG-2,2021-04-17,98
CATEG-2,2020-06-22,94
CATEG-1,2021-11-12,146
CATEG-1,2021-10-13,48
CATEG-2,2020-07-12,113
CATEG-2,2020-03-30,147
CATEG-3,2020-04-19,811
CATEG-3,2019-10-10,506
CATEG-3,2019-08-19,755
CATEG-3,2019-10-11,405
CATEG-2,2021-05-21,44
CATEG-1,2019-10-26,13
CATEG-3,2021-07-24,1491
CATEG-3,2021-04-04,1569
CATEG-3,2021-01-13,2048
CATEG-3,2021-05-12,2041
CATEG-1,2021-01-12,70
CATEG-2,2020-01-19,3
CATEG-3,2021-10-17,2172
CATEG-1,2019-09-28,15
CATEG-3,2019-11-01,428
CATEG-3,2020-01-04,624
CATEG-3,2020-01-10,683
CATEG-2,2020-12-02,12
CATEG-2,2021-10-21,17
CATEG-2,2021-05-24,56
CATEG-1,2020-01-07,50
CATEG-1,2021-09-09,44
CATEG-2,2020-08-22,18
CATEG-2,2021-08-08,30
CATEG-1,2021-11-01,39
CATEG-1,2020-06-08,58
CATEG-3,2021-05-31,3522
CATEG-1,2020-09-04,48
CATEG-3,2020-04-27,1300
CATEG-2,2020-12-19,36
CATEG-1,2019-07-07,21
CATEG-2,2021-07-16,41
CATEG-3,2020-03-23,495
CATEG-3,2019-07-27,393
CATEG-2,2020-07-24,61
CATEG-1,2021-08-12,55
CATEG-2,2019-11-28,4
CATEG-1,2021-04-30,55
CATEG-1,2021-10-05,38
CATEG-2,2020-06-23,98
CATEG-1,2021-11-07,46
CATEG-2,2020-08-19,31
CATEG-3,2021-10-22,1854
CATEG-2,2020-07-23,76
CATEG-3,2021-05-20,2315
CATEG-1,2019-12-08,55
CATEG-3,2020-09-23,1391
CATEG-1,2020-08-16,47
CATEG-1,2021-05-15,24
CATEG-3,2020-07-25,1096
CATEG-1,2021-04-15,52
CATEG-2,2020-11-19,10
CATEG-1,2021-05-20,40
CATEG-1,2020-05-12,50
CATEG-1,2020-06-22,62
CATEG-3,2019-09-08,455
CATEG-1,2019-10-01,24
CATEG-2,2019-08-13,10
CATEG-1,2020-09-09,55
CATEG-2,2020-09-22,15
CATEG-1,2021-05-19,46
CATEG-1,2020-11-13,152
CATEG-3,2019-07-18,634
CATEG-2,2019-09-22,2
CATEG-1,2020-05-16,54
CATEG-3,2020-08-02,1234
CATEG-3,2020-02-12,852
CATEG-3,2021-07-08,2117
CATEG-2,2021-09-18,16
CATEG-2,2021-03-07,79
CATEG-1,2021-05-22,36
CATEG-2,2020-07-01,84
CATEG-2,2020-12-15,34
CATEG-3,2021-10-16,2007
CATEG-3,2021-01-27,2142
CATEG-3,2020-10-03,1120
CATEG-2,2019-06-12,13
CATEG-3,2019-12-23,904
CATEG-3,2020-11-24,1795
CATEG-2,2020-09-23,12
CATEG-2,2020-02-26,5
CATEG-3,2020-10-19,1777
CATEG-1,2020-09-07,67
CATEG-1,2020-10-21,37
CATEG-2,2021-01-07,14
CATEG-2,2021-05-04,77
CATEG-1,2020-02-01,23
CATEG-2,2020-12-12,23
CATEG-1,2020-06-04,57
CATEG-2,2019-06-16,7
CATEG-1,2020-01-20,34
CATEG-2,2020-03-07,2
CATEG-2,2020-08-11,40
CATEG-3,2020-08-19,1732
CATEG-1,2021-10-24,33
CATEG-1,2019-08-19,39
CATEG-3,2020-09-16,1397
CATEG-1,2021-03-22,66
CATEG-1,2019-06-20,23
CATEG-1,2018-10-16,1
CATEG-3,2020-01-17,669
CATEG-3,2020-03-21,423
CATEG-3,2019-09-11,610
CATEG-2,2020-08-20,27
CATEG-1,2020-03-13,21
CATEG-3,2019-11-23,550
CATEG-2,2019-07-30,18
CATEG-1,2019-07-01,28
CATEG-3,2020-02-07,683
CATEG-3,2019-11-25,746
CATEG-3,2021-05-24,3880
CATEG-1,2021-06-28,50
CATEG-1,2019-06-12,26
CATEG-1,2021-04-24,43
CATEG-3,2021-08-16,2518
CATEG-1,2021-08-28,39
CATEG-3,2021-05-06,2734
CATEG-1,2019-12-02,105
CATEG-3,2020-09-25,1194
CATEG-2,2021-10-27,18
CATEG-2,2019-12-10,8
CATEG-2,2021-02-09,31
CATEG-3,2020-03-05,773
CATEG-2,2019-07-03,14
CATEG-3,2020-10-25,1373
CATEG-3,2020-02-09,624
CATEG-1,2020-06-19,57
CATEG-1,2021-01-30,86
CATEG-2,2021-06-04,40
CATEG-1,2020-02-24,32
CATEG-1,2021-03-16,63
CATEG-3,2019-08-08,595
CATEG-3,2019-06-26,548
CATEG-1,2020-09-23,58
CATEG-1,2021-06-24,36
CATEG-3,2019-08-14,689
CATEG-2,2019-07-10,24
CATEG-2,2019-08-08,17
CATEG-3,2020-04-29,1292
CATEG-3,2021-09-09,2419
CATEG-3,2021-03-04,1935
CATEG-3,2020-07-24,1288
CATEG-3,2021-09-21,2092
CATEG-2,2020-01-24,1
CATEG-3,2020-08-07,1309
CATEG-1,2019-08-01,24
CATEG-3,2021-04-28,2065
CATEG-2,2019-10-30,7
CATEG-1,2020-02-17,36
CATEG-3,2021-05-13,2063
CATEG-3,2021-04-02,1687
CATEG-1,2020-11-11,175
CATEG-1,2020-11-14,114
CATEG-2,2021-10-13,19
CATEG-3,2021-10-20,2239
CATEG-1,2021-11-05,62
CATEG-2,2021-11-01,8
CATEG-1,2021-10-02,38
CATEG-1,2019-09-01,21
CATEG-3,2021-06-23,2165
CATEG-2,2021-10-30,13
CATEG-1,2020-09-13,39
CATEG-2,2020-02-09,3
CATEG-2,2019-06-26,15
CATEG-2,2020-10-20,11
CATEG-2,2020-06-28,77
CATEG-2,2020-10-03,8
CATEG-3,2021-09-22,2080
CATEG-3,2021-04-08,1859
CATEG-2,2020-05-05,239
CATEG-2,2020-09-27,9
CATEG-3,2021-04-07,2022
CATEG-3,2021-03-05,1918
CATEG-1,2019-06-18,19
CATEG-3,2020-10-15,2319
CATEG-2,2019-12-02,9
CATEG-2,2020-11-04,11
CATEG-2,2021-07-17,40
CATEG-3,2019-12-03,918
CATEG-3,2019-08-21,734
CATEG-3,2020-04-16,902
CATEG-2,2020-08-21,21
CATEG-2,2019-12-25,4
CATEG-3,2021-02-22,2003
CATEG-1,2020-11-25,72
CATEG-2,2021-07-01,37
CATEG-3,2020-09-14,1571
CATEG-1,2020-02-27,22
CATEG-1,2020-11-27,111
CATEG-3,2021-04-17,1639
CATEG-3,2021-02-05,1933
CATEG-3,2020-11-09,3517
CATEG-1,2021-04-19,65
CATEG-1,2020-05-18,89
CATEG-1,2021-05-04,50
CATEG-1,2020-10-16,43
CATEG-3,2021-05-30,2747
CATEG-1,2021-06-08,48
CATEG-3,2021-02-20,1740
CATEG-2,2021-05-16,42
CATEG-2,2019-11-11,2
CATEG-3,2019-09-28,376
CATEG-3,2019-09-21,464
CATEG-1,2021-07-10,40
CATEG-2,2020-11-17,18
CATEG-3,2020-05-18,2182
CATEG-1,2020-08-05,59
CATEG-3,2021-03-01,2211
CATEG-1,2021-01-13,59
CATEG-1,2020-12-19,124
CATEG-2,2020-03-28,136
CATEG-1,2019-08-27,27
CATEG-1,2020-12-24,84
CATEG-2,2020-09-19,11
CATEG-2,2020-03-27,96
CATEG-1,2020-03-21,21
CATEG-2,2021-05-30,55
CATEG-3,2020-03-02,826
CATEG-1,2021-03-28,49
CATEG-1,2019-12-12,90
CATEG-2,2021-01-14,8
CATEG-3,2021-10-27,2165
CATEG-3,2020-06-10,1381
CATEG-2,2020-06-25,72
CATEG-2,2020-08-03,57
CATEG-1,2019-11-25,46
CATEG-1,2019-11-14,46
CATEG-2,2020-02-29,8
CATEG-3,2021-02-08,2035
CATEG-3,2021-05-08,2254
CATEG-3,2021-01-17,2410
CATEG-1,2019-12-30,56
CATEG-2,2020-07-18,117
CATEG-1,2019-12-21,60
CATEG-3,2018-10-23,0
CATEG-3,2020-10-14,3172
CATEG-2,2021-02-04,23
CATEG-2,2019-09-24,5
CATEG-2,2020-10-25,10
CATEG-1,2021-08-19,57
CATEG-3,2020-01-30,716
CATEG-2,2019-09-13,4
CATEG-3,2020-05-23,2525
CATEG-3,2021-03-26,1782
CATEG-3,2020-10-05,1511
CATEG-3,2021-02-13,1933
CATEG-3,2018-10-10,1
CATEG-2,2021-08-16,40
CATEG-2,2020-09-17,14
CATEG-2,2019-08-03,9
CATEG-3,2019-10-22,619
CATEG-2,2020-01-08,5
CATEG-1,2021-08-29,36
CATEG-3,2020-03-10,878
CATEG-2,2021-01-29,16
CATEG-2,2020-01-06,6
CATEG-2,2021-09-04,19
CATEG-1,2021-04-03,46
CATEG-3,2021-03-11,1868
CATEG-1,2021-06-18,39
CATEG-1,2020-01-05,31
CATEG-3,2019-10-20,419
CATEG-3,2019-07-19,504
CATEG-2,2020-08-30,28
CATEG-2,2020-03-13,13
CATEG-2,2020-02-07,2
CATEG-1,2019-07-23,30
CATEG-2,2021-06-29,38
CATEG-3,2019-10-06,418
CATEG-2,2021-04-24,90
CATEG-1,2021-03-14,53
CATEG-1,2021-03-18,56
CATEG-1,2019-07-27,16
CATEG-2,2020-10-30,8
CATEG-3,2021-01-12,1954
CATEG-1,2021-10-19,37
CATEG-2,2021-04-14,126
CATEG-2,2020-11-24,10
CATEG-3,2020-06-16,1746
CATEG-3,2020-01-26,501
CATEG-3,2021-09-29,1847
CATEG-2,2021-01-13,6
CATEG-3,2019-12-13,1177
CATEG-3,2020-12-27,2708
CATEG-3,2020-02-02,517
CATEG-2,2019-09-05,3
CATEG-1,2021-01-21,88
CATEG-3,2020-04-13,857
CATEG-3,2019-11-17,1219
CATEG-1,2021-07-07,55
CATEG-2,2019-08-11,11
CATEG-2,2020-12-11,25
CATEG-2,2020-06-08,134
CATEG-2,2021-01-31,18
CATEG-3,2019-06-17,592
CATEG-2,2021-08-05,37
CATEG-1,2021-11-08,63
CATEG-1,2021-10-11,40
CATEG-2,2019-09-14,3
CATEG-3,2020-08-09,1161
CATEG-1,2021-06-02,51
CATEG-3,2021-01-15,2417
CATEG-3,2019-12-06,890
CATEG-3,2020-05-02,1390
CATEG-1,2020-12-17,146
CATEG-2,2020-01-20,5
CATEG-3,2021-10-08,1907
CATEG-3,2020-09-01,1787
CATEG-1,2019-11-23,25
CATEG-3,2020-02-25,748
CATEG-3,2021-07-30,1682
CATEG-1,2020-10-25,35
CATEG-2,2020-07-05,82
CATEG-3,2020-04-26,908
CATEG-1,2019-09-23,29
CATEG-1,2019-09-10,24
CATEG-2,2020-05-31,141
CATEG-1,2021-07-26,58
CATEG-3,2020-11-12,2576
CATEG-1,2020-10-06,49
CATEG-1,2019-10-29,17
CATEG-3,2019-11-19,1048
CATEG-2,2020-02-23,9
CATEG-3,2020-07-06,1309
CATEG-1,2021-10-17,34
CATEG-1,2019-11-22,31
CATEG-2,2021-05-19,47
CATEG-3,2021-09-18,1841
CATEG-3,2021-08-10,2086
CATEG-1,2021-07-03,32
CATEG-3,2019-07-20,393
CATEG-3,2019-10-27,418
CATEG-2,2021-03-31,227
CATEG-3,2021-07-04,2326
CATEG-2,2021-08-29,14
CATEG-2,2021-03-27,218
CATEG-3,2021-02-19,1815
CATEG-1,2020-04-26,57
CATEG-1,2020-10-05,47
CATEG-1,2021-01-31,89
CATEG-3,2020-07-31,1380
CATEG-1,2021-11-03,36
CATEG-1,2020-06-06,53
CATEG-2,2020-02-22,4
CATEG-2,2021-03-09,92
CATEG-2,2021-07-06,51
CATEG-1,2020-10-31,29
CATEG-1,2020-07-24,58
CATEG-2,2021-02-24,43
CATEG-3,2020-05-31,2220
CATEG-2,2020-12-29,38
CATEG-2,2020-09-25,12
CATEG-1,2019-06-22,13
CATEG-3,2020-05-29,2513
CATEG-1,2021-03-24,70
CATEG-3,2021-07-23,1685
CATEG-2,2019-06-28,13
CATEG-3,2019-06-16,431
CATEG-1,2020-02-21,21
CATEG-3,2019-08-16,588
CATEG-3,2021-05-23,4107
CATEG-3,2021-11-04,2618
CATEG-2,2021-02-20,21
CATEG-2,2021-01-25,22
CATEG-3,2020-12-23,2556
CATEG-1,2021-09-18,35
CATEG-3,2020-08-31,1732
CATEG-3,2019-08-04,455
CATEG-3,2020-01-06,843
CATEG-1,2019-09-08,17
CATEG-3,2021-01-10,1840
CATEG-1,2021-10-21,33
CATEG-1,2019-07-11,23
CATEG-1,2020-12-02,103
CATEG-1,2020-03-20,25
CATEG-3,2021-07-09,1938
CATEG-3,2018-09-27,0
CATEG-3,2021-07-26,1790
CATEG-2,2020-05-01,250
CATEG-1,2021-07-09,45
CATEG-1,2019-08-07,26
CATEG-3,2020-12-18,3884
CATEG-1,2019-10-03,18
CATEG-1,2020-02-23,19
CATEG-1,2020-02-28,25
CATEG-2,2020-07-26,51
CATEG-2,2021-02-07,29
CATEG-1,2019-08-22,29
CATEG-3,2021-11-05,2929
CATEG-2,2021-02-15,20
CATEG-2,2020-03-16,36
CATEG-3,2018-09-24,0
CATEG-3,2021-06-28,1851
CATEG-2,2020-11-21,11
CATEG-1,2021-08-30,48
CATEG-2,2019-09-06,4
CATEG-3,2020-02-13,708
CATEG-3,2020-10-28,1476
CATEG-3,2021-03-25,1822
CATEG-3,2020-07-10,1264
CATEG-3,2018-10-21,1
CATEG-2,2021-04-30,80
CATEG-2,2021-01-06,15
CATEG-3,2021-01-18,2660
CATEG-1,2021-03-30,68
CATEG-1,2020-08-29,45
CATEG-3,2021-05-01,1855
CATEG-1,2020-12-10,188
CATEG-2,2019-07-11,20
CATEG-1,2019-11-08,24
CATEG-3,2020-03-09,752
CATEG-3,2019-06-15,422
CATEG-1,2020-05-01,67
CATEG-2,2020-09-10,16
CATEG-3,2020-04-21,1082
CATEG-2,2020-02-12,8
CATEG-2,2019-07-31,12
CATEG-2,2019-09-23,4
CATEG-3,2021-06-05,1650
CATEG-1,2020-03-22,19
CATEG-3,2021-08-03,2246
CATEG-1,2019-12-15,72
CATEG-2,2021-09-27,14
CATEG-1,2021-02-15,93
CATEG-2,2020-06-10,89
CATEG-2,2019-10-19,1
CATEG-2,2021-07-07,40
CATEG-3,2021-03-10,1899
CATEG-2,2020-07-30,45
CATEG-1,2020-10-28,30
CATEG-1,2020-06-07,45
CATEG-3,2020-04-01,689
CATEG-1,2020-12-08,166
CATEG-3,2020-09-24,1254
CATEG-3,2019-08-23,526
CATEG-3,2021-10-25,2248
CATEG-2,2019-12-21,2
CATEG-2,2020-02-28,7
CATEG-2,2020-10-15,15
CATEG-2,2019-07-17,26
CATEG-3,2021-10-14,2220
CATEG-3,2019-08-27,631
CATEG-1,2020-06-12,66
CATEG-3,2021-09-11,2161
CATEG-3,2021-02-03,2056
CATEG-1,2019-07-12,24
CATEG-3,2020-08-18,1555
CATEG-2,2020-04-29,299
CATEG-3,2020-11-02,1890
CATEG-2,2019-10-13,2
CATEG-2,2020-06-02,128
CATEG-2,2020-07-13,145
CATEG-2,2020-07-31,43
CATEG-3,2021-09-06,2496
CATEG-3,2021-07-31,1640
CATEG-1,2020-07-31,54
CATEG-2,2020-05-28,229
CATEG-2,2021-03-02,80
CATEG-3,2019-08-18,519
CATEG-1,2021-11-02,37
CATEG-1,2021-09-15,39
CATEG-3,2019-09-14,396
CATEG-1,2019-08-09,21
CATEG-2,2021-08-22,23
CATEG-2,2021-10-11,20
CATEG-1,2019-10-15,22
CATEG-3,2019-06-21,433
CATEG-3,2018-10-11,3
CATEG-2,2021-03-05,97
CATEG-2,2021-03-20,80
CATEG-3,2020-06-08,1415
CATEG-1,2021-03-03,72
CATEG-2,2020-02-08,3
CATEG-3,2021-10-10,1933
CATEG-1,2019-06-28,23
CATEG-2,2021-02-12,27
CATEG-3,2021-01-11,2050
CATEG-2,2020-03-18,42
CATEG-3,2019-09-17,811
CATEG-2,2021-07-15,45
CATEG-1,2020-08-14,52
CATEG-1,2020-03-01,22
CATEG-3,2020-05-26,2277
CATEG-2,2020-02-01,3
CATEG-2,2021-08-30,18
CATEG-1,2021-05-16,32
CATEG-3,2021-09-08,2547
CATEG-2,2020-09-03,21
CATEG-2,2019-10-15,3
CATEG-1,2019-10-02,20
CATEG-1,2021-09-25,38
CATEG-1,2020-07-06,74
CATEG-1,2020-10-18,31
CATEG-2,2020-11-25,9
CATEG-1,2021-02-16,76
CATEG-3,2021-07-11,1843
CATEG-3,2020-02-03,681
CATEG-3,2021-06-21,2295
CATEG-2,2019-06-22,10
CATEG-3,2019-07-24,613
CATEG-2,2021-06-09,51
CATEG-2,2019-07-26,13
CATEG-3,2020-09-13,1283
CATEG-2,2021-06-23,51
CATEG-1,2020-10-03,37
CATEG-1,2019-10-20,15
CATEG-2,2021-03-18,118
CATEG-3,2021-01-09,1852
CATEG-2,2021-01-05,18
CATEG-2,2020-04-28,279
CATEG-3,2019-09-03,676
CATEG-1,2021-01-06,124
CATEG-3,2020-04-20,1048
CATEG-2,2020-10-27,13
CATEG-2,2021-09-28,14
CATEG-3,2020-03-17,653
CATEG-2,2020-08-10,35
CATEG-1,2020-02-25,26
CATEG-3,2021-10-04,2125
CATEG-2,2021-05-06,51
CATEG-2,2020-07-20,102
CATEG-2,2020-02-13,3
CATEG-1,2020-02-18,24
CATEG-1,2021-07-05,63
CATEG-2,2021-08-23,28
CATEG-1,2021-02-13,78
CATEG-3,2020-01-22,739
CATEG-1,2021-10-04,41
CATEG-2,2019-10-12,1
CATEG-3,2021-09-02,2208
CATEG-3,2020-10-02,1258
CATEG-1,2020-07-21,67
CATEG-1,2021-04-09,46
CATEG-1,2021-04-11,40
CATEG-3,2020-11-13,3081
CATEG-3,2020-04-02,681
CATEG-3,2020-04-18,932
CATEG-3,2020-08-17,1498
CATEG-2,2019-07-01,19
CATEG-3,2020-02-04,761
CATEG-3,2020-11-03,2026
CATEG-1,2021-09-19,37
CATEG-3,2019-07-21,409
CATEG-2,2020-06-26,75
CATEG-2,2020-02-16,3
CATEG-3,2019-09-29,427
CATEG-3,2020-05-21,1931
CATEG-1,2020-07-02,70
CATEG-1,2020-09-26,39
CATEG-3,2021-05-26,3199
CATEG-1,2020-11-24,71
CATEG-1,2021-07-29,53
CATEG-2,2021-04-16,125
CATEG-2,2019-09-28,1
CATEG-3,2020-08-06,1377
CATEG-1,2020-06-11,79
CATEG-1,2019-08-31,20
CATEG-3,2019-08-11,470
CATEG-3,2020-03-22,436
CATEG-1,2020-05-24,102
CATEG-2,2019-09-08,3
CATEG-3,2020-12-14,3770
CATEG-1,2020-04-21,60
CATEG-2,2020-03-11,14
CATEG-3,2021-05-16,1824
CATEG-3,2021-09-01,2388
CATEG-2,2020-01-12,1
CATEG-2,2021-01-18,15
CATEG-2,2021-10-16,12
CATEG-3,2019-08-01,601
CATEG-1,2021-01-05,101
CATEG-3,2019-11-22,614
CATEG-3,2019-12-20,1056
CATEG-1,2020-06-16,76
CATEG-3,2021-03-18,1913
CATEG-3,2020-12-12,2855
CATEG-1,2019-11-12,33
CATEG-3,2019-07-29,605
CATEG-2,2021-05-02,64
CATEG-1,2021-09-10,49
CATEG-2,2020-07-22,78
CATEG-2,2019-09-20,3
CATEG-2,2020-05-20,116
CATEG-1,2020-09-14,55
CATEG-2,2020-12-07,17
CATEG-3,2021-05-03,2284
CATEG-1,2020-11-10,172
CATEG-2,2021-05-26,53
CATEG-3,2019-11-03,432
CATEG-1,2020-02-03,28
CATEG-2,2020-11-03,12
CATEG-1,2020-12-25,80
CATEG-3,2020-11-29,2167
CATEG-1,2020-06-25,58
CATEG-2,2020-05-27,144
CATEG-1,2020-12-09,185
CATEG-1,2020-02-15,22
CATEG-2,2020-01-21,3
CATEG-3,2021-03-28,1599
CATEG-2,2019-11-05,1
CATEG-2,2021-07-10,33
CATEG-3,2019-10-31,476
CATEG-2,2020-10-12,12
CATEG-2,2020-09-08,19
CATEG-3,2020-06-29,1294
CATEG-2,2020-04-27,300
CATEG-1,2020-12-14,197
CATEG-2,2019-06-29,11
CATEG-2,2019-09-21,3
CATEG-1,2021-08-20,49
CATEG-3,2019-09-25,603
CATEG-1,2020-08-02,49
CATEG-1,2021-07-21,70
CATEG-2,2019-07-24,13
CATEG-3,2021-04-15,1985
CATEG-1,2019-11-20,50
CATEG-1,2020-01-09,40
CATEG-3,2020-08-28,1388
CATEG-3,2020-03-11,839
CATEG-1,2019-09-03,29
CATEG-1,2021-02-10,102
CATEG-3,2020-10-10,1093
CATEG-1,2021-02-04,89
CATEG-2,2020-02-02,3
CATEG-3,2020-02-14,577
CATEG-3,2019-10-25,455
CATEG-2,2019-11-10,1
CATEG-3,2020-06-23,1140
CATEG-3,2020-06-22,1213
CATEG-3,2019-09-22,464
CATEG-2,2021-02-10,24
CATEG-1,2019-11-30,58
CATEG-2,2020-08-24,33
CATEG-3,2020-11-14,3422
CATEG-3,2020-04-04,543
CATEG-1,2021-05-07,42
CATEG-2,2019-07-28,8
CATEG-1,2019-12-18,89
CATEG-3,2020-02-16,572
CATEG-2,2020-01-15,4
CATEG-2,2021-08-14,34
CATEG-2,2020-11-15,20
CATEG-3,2021-01-19,2580
CATEG-1,2021-01-22,83
CATEG-2,2020-01-13,3
CATEG-1,2021-08-16,59
CATEG-3,2020-01-27,811
CATEG-1,2020-02-11,27
CATEG-2,2020-06-03,110
CATEG-3,2020-07-16,1592
CATEG-3,2018-10-25,0
CATEG-3,2021-09-23,1948
CATEG-1,2020-10-22,41
CATEG-2,2021-05-03,81
CATEG-3,2018-10-14,1
CATEG-1,2021-06-21,67
CATEG-3,2021-05-28,2950
CATEG-2,2020-07-14,117
CATEG-2,2020-12-31,19
CATEG-3,2021-07-18,2121
CATEG-1,2021-07-12,59
CATEG-1,2020-08-15,41
CATEG-2,2020-12-13,14
CATEG-2,2020-11-08,9
CATEG-2,2020-05-13,132
CATEG-1,2020-10-02,44
CATEG-3,2021-01-20,2442
CATEG-1,2020-11-22,53
CATEG-1,2020-09-25,42
CATEG-2,2020-10-04,6
CATEG-2,2021-01-08,12
CATEG-2,2019-07-09,28
CATEG-2,2021-08-09,39
CATEG-1,2021-10-14,46
CATEG-1,2020-07-14,89
CATEG-2,2020-05-22,113
CATEG-1,2020-01-04,35
CATEG-2,2019-06-24,24
CATEG-1,2020-07-16,72
CATEG-1,2020-06-29,80
CATEG-2,2021-10-15,17
CATEG-1,2019-09-20,22
CATEG-2,2021-07-29,43
CATEG-2,2019-10-23,2
CATEG-1,2020-12-20,124
CATEG-2,2020-11-27,10
CATEG-3,2019-07-12,522
CATEG-2,2021-04-11,105
CATEG-2,2021-01-21,13
CATEG-1,2019-10-10,14
CATEG-3,2021-01-25,2201
CATEG-2,2020-08-28,19
CATEG-3,2019-12-26,898
CATEG-3,2021-11-01,1979
CATEG-1,2020-04-12,51
CATEG-2,2021-02-19,25
CATEG-2,2020-11-02,12
CATEG-1,2019-11-19,69
CATEG-1,2019-12-11,106
CATEG-3,2019-09-05,567
CATEG-1,2019-10-30,21
CATEG-1,2019-11-16,150
CATEG-1,2021-07-13,63
CATEG-3,2020-02-11,888
CATEG-1,2019-06-25,28
CATEG-1,2020-12-30,112
CATEG-2,2020-12-08,22
CATEG-3,2021-01-29,2068
CATEG-3,2021-01-30,1950
CATEG-3,2018-09-25,0
CATEG-2,2021-08-19,31
CATEG-3,2020-01-31,648
CATEG-3,2021-06-11,1990
CATEG-3,2021-01-26,2103
CATEG-1,2019-07-22,27
CATEG-3,2020-09-05,1402
CATEG-2,2020-09-13,13
CATEG-1,2021-06-11,40
CATEG-2,2019-12-22,4
CATEG-2,2021-04-19,85
CATEG-3,2020-01-24,586
CATEG-2,2020-01-28,4
CATEG-1,2021-06-25,38
CATEG-1,2019-07-24,23
CATEG-1,2019-12-25,45
CATEG-1,2020-01-17,35
CATEG-2,2020-07-28,47
CATEG-2,2019-11-04,4
CATEG-3,2021-11-10,7551
CATEG-3,2021-06-08,1983
CATEG-3,2019-08-12,687
CATEG-2,2019-11-08,2
CATEG-3,2019-12-17,1569
CATEG-1,2020-02-19,40
CATEG-3,2020-11-17,3736
CATEG-3,2020-07-21,1454
CATEG-2,2021-09-14,19
CATEG-2,2019-07-08,27
CATEG-3,2021-07-22,1815
CATEG-3,2020-06-19,1314
CATEG-3,2020-03-14,635
CATEG-1,2020-12-28,99
CATEG-2,2019-12-01,5
CATEG-3,2021-08-12,1982
CATEG-3,2019-10-29,621
CATEG-3,2018-10-13,1
CATEG-2,2020-06-09,129
CATEG-3,2019-10-19,382
CATEG-2,2021-09-13,18
CATEG-1,2020-05-11,66
CATEG-2,2020-01-18,3
CATEG-3,2021-08-28,1923
CATEG-3,2019-11-26,754
CATEG-3,2020-02-10,878
CATEG-1,2020-10-07,36
CATEG-2,2021-02-18,30
CATEG-1,2020-09-20,44
CATEG-2,2020-05-08,144
CATEG-3,2018-10-04,0
CATEG-2,2021-05-18,46
CATEG-3,2021-06-24,1898
CATEG-3,2020-10-09,1264
CATEG-2,2019-08-04,12
CATEG-2,2021-08-24,22
CATEG-1,2020-10-09,48
CATEG-1,2020-09-05,44
CATEG-2,2021-09-07,22
CATEG-3,2019-08-06,701
CATEG-1,2021-06-09,42
CATEG-3,2019-10-08,548
CATEG-1,2019-08-20,32
CATEG-1,2020-12-15,196
CATEG-1,2019-11-06,27
CATEG-3,2020-02-01,551
CATEG-3,2019-09-09,667
CATEG-3,2021-11-09,2894
CATEG-2,2019-10-02,3
CATEG-1,2020-03-02,28
CATEG-3,2020-08-05,1378
CATEG-3,2020-05-12,1618
CATEG-2,2020-09-06,15
CATEG-1,2019-08-24,18
CATEG-2,2020-09-16,12
CATEG-1,2021-07-25,37
CATEG-3,2019-12-12,1027
CATEG-3,2020-05-24,2252
CATEG-2,2020-01-14,5
CATEG-1,2020-04-20,66
CATEG-3,2019-11-24,545
CATEG-3,2020-06-27,1028
CATEG-1,2021-05-28,96
CATEG-2,2019-07-22,17
CATEG-1,2020-02-08,19
CATEG-2,2020-11-12,12
CATEG-1,2020-10-10,43
CATEG-1,2019-06-14,18
CATEG-3,2018-10-03,2
CATEG-3,2020-09-10,1537
CATEG-3,2020-03-16,625
CATEG-1,2019-10-17,19
CATEG-2,2019-11-25,9
CATEG-1,2020-12-22,115
CATEG-2,2020-06-12,69
CATEG-1,2019-12-29,52
CATEG-2,2019-12-09,6
CATEG-1,2021-08-01,37
CATEG-1,2019-08-25,20
CATEG-1,2020-03-03,29
CATEG-1,2020-08-01,54
CATEG-2,2020-12-18,35
CATEG-1,2020-06-20,51
CATEG-3,2019-10-26,384
CATEG-3,2019-08-30,525
CATEG-2,2021-06-30,24
CATEG-1,2019-08-17,18
CATEG-2,2021-06-13,54
CATEG-1,2020-04-30,71
CATEG-3,2019-06-24,601
CATEG-1,2021-06-03,35
CATEG-2,2020-11-28,11
CATEG-1,2021-03-06,68
CATEG-3,2019-07-26,473
CATEG-3,2021-09-15,2014
CATEG-3,2019-07-05,498
CATEG-3,2021-10-24,1842
CATEG-3,2021-02-10,2101
CATEG-1,2019-07-18,30
CATEG-3,2021-10-31,1577
CATEG-3,2020-05-25,2425
CATEG-2,2021-02-23,39
CATEG-3,2021-02-24,1965
CATEG-2,2020-03-21,51
CATEG-3,2020-12-08,2874
CATEG-3,2019-12-28,693
CATEG-2,2020-10-10,8
CATEG-1,2021-02-09,110
CATEG-1,2021-02-14,71
CATEG-2,2021-03-16,144
CATEG-3,2019-07-13,475
CATEG-1,2021-06-12,37
CATEG-2,2019-12-14,5
CATEG-3,2020-05-28,2349
CATEG-3,2021-07-28,1826
CATEG-3,2021-02-26,1858
CATEG-3,2019-09-27,509
CATEG-3,2021-06-17,2474
CATEG-1,2020-12-23,111
CATEG-3,2021-09-13,2748
CATEG-3,2019-11-04,643
CATEG-1,2019-09-12,19
CATEG-2,2020-01-31,3
CATEG-3,2020-10-11,1183
CATEG-2,2020-05-24,181
CATEG-2,2020-05-25,178
CATEG-1,2020-07-23,72
CATEG-3,2019-12-11,1186
CATEG-1,2020-01-30,33
CATEG-2,2021-10-04,15
CATEG-3,2020-04-17,861
CATEG-1,2021-02-22,89
CATEG-1,2019-12-19,82
CATEG-2,2021-11-10,18
CATEG-3,2020-08-13,1499
CATEG-3,2020-10-24,1253
CATEG-1,2020-08-26,54
CATEG-1,2020-09-11,47
CATEG-1,2020-08-27,43
CATEG-3,2021-08-07,1797
CATEG-1,2019-07-13,17
CATEG-1,2021-08-06,46
CATEG-2,2020-03-05,7
CATEG-2,2021-06-18,46
CATEG-1,2020-03-24,31
CATEG-2,2021-06-14,63
CATEG-3,2019-06-29,419
CATEG-2,2019-11-17,4
CATEG-1,2019-07-25,21
CATEG-1,2021-02-03,93
CATEG-3,2020-09-26,1116
CATEG-2,2021-07-24,44
CATEG-1,2021-08-04,46
CATEG-3,2021-09-24,1702
CATEG-2,2021-07-22,46
CATEG-3,2019-10-01,612
CATEG-2,2021-10-19,21
CATEG-3,2019-09-15,357
CATEG-1,2020-08-17,65
CATEG-3,2020-02-18,793
CATEG-3,2019-12-27,824
CATEG-3,2019-10-05,396
CATEG-1,2021-02-06,95
CATEG-3,2020-05-20,1924
CATEG-3,2021-03-27,1670
CATEG-3,2019-11-21,661
CATEG-3,2019-08-10,419
CATEG-3,2020-09-19,1189
CATEG-3,2021-01-05,2495
CATEG-3,2019-08-09,599
CATEG-1,2020-08-09,51
CATEG-2,2020-05-11,116
CATEG-2,2021-01-01,21
CATEG-3,2020-11-04,2042
CATEG-1,2020-07-15,88
CATEG-1,2020-07-19,54
CATEG-1,2021-08-14,50
CATEG-2,2020-01-03,6
CATEG-3,2020-10-26,1869
CATEG-1,2021-05-09,36
CATEG-2,2021-09-01,25
CATEG-3,2020-06-21,1056
CATEG-1,2020-07-04,63
CATEG-1,2021-07-24,36
CATEG-3,2019-10-23,614
CATEG-3,2020-03-07,595
CATEG-2,2020-07-25,42
CATEG-1,2021-01-20,101
CATEG-2,2020-01-01,7
CATEG-3,2020-03-25,504
CATEG-1,2019-11-15,137
CATEG-2,2020-05-19,153
CATEG-2,2019-12-19,7
CATEG-3,2021-08-20,1995
CATEG-2,2021-04-04,103
CATEG-3,2020-08-29,1386
CATEG-2,2020-06-19,79
CATEG-2,2021-11-04,14
CATEG-3,2020-06-03,1422
CATEG-2,2021-01-22,13
CATEG-1,2021-04-12,52
CATEG-2,2021-05-07,48
CATEG-2,2020-02-11,4
CATEG-3,2020-01-08,761
CATEG-2,2020-10-19,12
CATEG-3,2021-03-15,2163
CATEG-1,2020-04-07,39
CATEG-1,2020-01-01,23
CATEG-1,2020-12-12,185
CATEG-3,2019-09-06,496
CATEG-3,2020-03-27,536
CATEG-1,2019-10-13,16
CATEG-2,2020-02-14,4
CATEG-2,2021-07-19,57
CATEG-2,2019-06-11,15
CATEG-3,2020-11-07,1513
CATEG-2,2020-10-08,13
CATEG-2,2021-11-12,12
CATEG-1,2020-11-05,53
CATEG-1,2021-10-03,38
CATEG-1,2019-07-02,32
CATEG-1,2019-06-21,20
CATEG-1,2019-10-21,25
CATEG-1,2021-02-05,101
CATEG-1,2019-10-08,26
CATEG-2,2020-05-21,109
CATEG-1,2020-05-04,70
CATEG-1,2021-05-23,101
CATEG-1,2020-04-13,56
CATEG-3,2020-09-21,1579
CATEG-1,2019-06-16,11
CATEG-3,2019-12-05,884
CATEG-2,2021-10-25,23
CATEG-2,2021-07-08,84
CATEG-2,2021-11-03,17
CATEG-1,2021-09-26,29
CATEG-2,2019-08-05,17
CATEG-1,2019-09-15,14
CATEG-3,2021-04-18,1711
CATEG-1,2020-11-30,131
CATEG-1,2019-11-29,92
CATEG-3,2019-09-20,511
CATEG-1,2020-10-29,33
CATEG-1,2021-01-28,71
CATEG-2,2021-07-31,31
CATEG-2,2021-09-03,21
CATEG-1,2020-01-18,38
CATEG-3,2019-08-13,667
CATEG-2,2019-08-22,8
CATEG-2,2020-08-04,66
CATEG-1,2020-09-24,42
CATEG-3,2020-12-10,3068
CATEG-1,2020-02-10,34
CATEG-2,2019-06-17,15
CATEG-1,2020-09-15,54
CATEG-1,2021-10-18,39
CATEG-2,2020-06-04,160
CATEG-3,2021-11-02,2022
CATEG-2,2019-10-22,4
CATEG-2,2020-03-01,10
CATEG-3,2021-02-16,2022
CATEG-2,2020-12-06,15
CATEG-2,2021-02-26,49
CATEG-2,2020-12-21,29
CATEG-2,2019-10-11,1
CATEG-2,2021-05-28,57
CATEG-3,2021-04-25,1651
CATEG-3,2021-07-01,3701
CATEG-1,2021-01-16,86
CATEG-2,2019-09-09,3
CATEG-2,2021-07-05,41
CATEG-2,2020-12-17,33
CATEG-3,2020-04-10,634
CATEG-2,2021-08-20,28
CATEG-2,2021-04-18,86
CATEG-2,2020-04-04,162
CATEG-1,2020-04-19,52
CATEG-1,2021-08-22,38
CATEG-3,2020-12-05,2179
CATEG-2,2020-07-16,91
CATEG-1,2020-02-22,16
CATEG-2,2020-08-13,45
CATEG-1,2021-07-04,45
CATEG-1,2021-07-02,43
CATEG-2,2020-01-30,4
CATEG-2,2021-03-22,132
CATEG-1,2021-07-28,55
CATEG-2,2020-03-31,168
CATEG-1,2021-09-21,44
CATEG-3,2020-11-23,1830
CATEG-3,2019-09-07,418
CATEG-2,2019-11-12,3
CATEG-2,2020-08-05,47
CATEG-2,2020-11-26,9
CATEG-3,2021-03-19,1806
CATEG-2,2020-06-30,83
CATEG-1,2019-10-12,11
CATEG-1,2019-08-10,18
CATEG-1,2020-01-21,40
CATEG-2,2021-01-11,9
CATEG-2,2020-06-15,100
CATEG-3,2020-09-09,1607
CATEG-1,2020-04-25,45
CATEG-1,2020-10-01,51
CATEG-1,2020-03-07,22
CATEG-3,2021-05-29,2495
CATEG-1,2019-09-19,26
CATEG-2,2021-06-03,41
CATEG-3,2021-06-12,1856
CATEG-3,2020-11-22,1661
CATEG-3,2019-11-18,2031
CATEG-2,2019-12-05,4
CATEG-1,2020-09-30,53
CATEG-3,2021-03-21,1742
CATEG-2,2020-10-31,5
CATEG-2,2020-08-18,34
CATEG-3,2021-08-05,2236
CATEG-2,2021-07-23,35
CATEG-1,2020-01-08,46
CATEG-2,2019-12-28,5
CATEG-3,2020-04-23,989
CATEG-3,2020-11-01,1514
CATEG-2,2020-12-14,24
CATEG-1,2021-05-26,95
CATEG-2,2020-10-14,13
CATEG-2,2020-01-16,4
CATEG-2,2020-10-28,9
CATEG-3,2021-11-11,6294
CATEG-2,2019-08-09,10
CATEG-2,2021-03-23,157
CATEG-1,2019-06-15,15
CATEG-1,2020-09-18,44
CATEG-1,2019-12-07,68
CATEG-1,2020-03-16,34
CATEG-1,2020-06-01,135
CATEG-2,2020-06-27,79
CATEG-3,2021-08-19,2007
CATEG-2,2020-04-10,193
CATEG-2,2019-10-17,3
CATEG-3,2021-06-18,2051
CATEG-3,2019-10-03,522
CATEG-3,2021-04-13,1838
CATEG-1,2021-08-11,48
CATEG-1,2021-03-08,72
CATEG-1,2021-10-06,48
CATEG-1,2020-09-28,58
CATEG-2,2020-04-30,248
CATEG-2,2021-05-25,58
CATEG-1,2021-03-15,63
CATEG-2,2020-04-25,286
CATEG-1,2021-09-07,51
CATEG-1,2019-08-21,24
CATEG-2,2021-02-25,34
CATEG-2,2021-09-09,15
CATEG-3,2020-11-25,1694
CATEG-2,2020-04-21,317
CATEG-1,2020-11-16,121
CATEG-3,2021-06-13,1934
CATEG-1,2020-04-27,72
CATEG-1,2021-08-21,39
CATEG-2,2020-05-29,150
CATEG-1,2020-06-18,61
CATEG-1,2019-07-14,22
CATEG-3,2021-10-01,1968
CATEG-3,2020-08-22,1211
CATEG-3,2020-09-30,1530
CATEG-3,2020-06-14,1451
CATEG-2,2019-10-31,1
CATEG-2,2021-10-18,20
CATEG-1,2020-04-06,47
CATEG-3,2020-04-15,977
CATEG-1,2021-08-23,53
CATEG-1,2020-10-08,39
CATEG-3,2021-03-14,1750
CATEG-3,2021-07-05,2481
CATEG-3,2021-03-02,2042
CATEG-1,2020-10-12,55
CATEG-3,2020-09-07,1829
CATEG-2,2020-08-16,29
CATEG-2,2021-09-16,20
CATEG-2,2021-08-15,41
CATEG-3,2019-11-20,789
CATEG-1,2021-04-20,57
CATEG-2,2021-11-11,20
CATEG-2,2021-08-26,26
CATEG-1,2021-10-07,43
CATEG-1,2020-01-19,27
CATEG-2,2021-05-22,34
CATEG-1,2019-12-09,91
CATEG-3,2020-07-09,1201
CATEG-3,2021-10-19,2398
CATEG-3,2021-10-29,1872
CATEG-2,2021-08-12,42
CATEG-2,2021-02-03,24
CATEG-2,2020-05-26,153
CATEG-1,2021-02-19,78
CATEG-1,2020-03-25,29
CATEG-2,2021-04-12,127
CATEG-2,2021-09-26,13
CATEG-1,2020-08-18,56
CATEG-1,2021-04-06,74
CATEG-1,2021-08-08,44
CATEG-2,2021-04-23,82
CATEG-3,2020-03-04,775
CATEG-1,2020-08-07,44
CATEG-1,2019-11-18,202
CATEG-1,2020-03-30,29
CATEG-2,2021-08-13,41
CATEG-2,2020-05-15,112
CATEG-2,2021-01-02,36
CATEG-3,2021-08-17,2351
CATEG-2,2021-03-11,84
CATEG-2,2019-09-18,3
CATEG-3,2020-06-02,1617
CATEG-3,2021-06-20,1615
CATEG-1,2020-11-21,84
CATEG-1,2019-11-24,23
CATEG-1,2020-08-25,57
CATEG-1,2020-03-08,22
CATEG-3,2020-01-16,824
CATEG-2,2021-02-02,19
CATEG-1,2019-09-06,22
CATEG-2,2019-08-31,3
CATEG-2,2019-07-12,23
CATEG-2,2020-09-12,15
CATEG-1,2019-09-18,25
CATEG-3,2021-09-05,1993
CATEG-3,2020-01-19,579
CATEG-1,2020-06-17,69
CATEG-2,2021-01-16,17
CATEG-3,2020-05-06,1860
CATEG-1,2019-10-06,11
CATEG-1,2019-09-13,18
CATEG-1,2021-05-12,33
CATEG-2,2019-11-22,4
CATEG-2,2021-01-28,19
CATEG-3,2019-08-05,690
CATEG-2,2021-05-01,65
CATEG-3,2020-09-22,1394
CATEG-2,2020-03-23,74
CATEG-3,2021-04-03,1592
CATEG-3,2020-05-11,1638
CATEG-2,2020-02-21,2
CATEG-1,2020-01-16,43
CATEG-1,2021-11-06,54
CATEG-2,2019-09-17,5
CATEG-1,2019-08-02,18
CATEG-1,2020-09-29,49
CATEG-3,2020-12-28,3129
CATEG-3,2019-10-09,554
CATEG-1,2021-11-10,189
CATEG-3,2021-06-29,1938
CATEG-1,2020-07-13,91
CATEG-3,2020-10-22,1955
CATEG-3,2021-06-04,1745
CATEG-1,2021-08-07,43
CATEG-2,2021-10-12,18
CATEG-3,2021-05-11,2011
CATEG-3,2019-07-22,664
CATEG-3,2020-04-03,601
CATEG-1,2020-12-18,130
CATEG-1,2019-12-24,65
CATEG-3,2018-09-29,1
CATEG-1,2020-01-29,26
CATEG-2,2020-08-27,16
CATEG-3,2020-05-04,1822
CATEG-2,2020-04-05,174
CATEG-3,2020-05-13,1624
CATEG-1,2019-12-05,64
CATEG-1,2021-08-31,47
CATEG-2,2019-06-23,13
CATEG-3,2019-07-09,682
CATEG-2,2020-09-11,10
CATEG-3,2019-06-20,511
CATEG-3,2021-08-11,2097
CATEG-3,2021-04-22,1939
CATEG-1,2020-01-25,25
CATEG-1,2021-09-29,42
CATEG-2,2019-08-07,14
CATEG-2,2021-01-20,12
CATEG-2,2021-02-14,16
CATEG-2,2021-07-11,39
CATEG-1,2021-01-14,50
CATEG-2,2020-03-10,15
CATEG-3,2020-06-13,1516
CATEG-3,2021-04-20,1948
CATEG-1,2021-02-02,105
CATEG-1,2021-01-01,50
CATEG-1,2019-08-04,13
CATEG-3,2021-08-31,2043
CATEG-2,2021-03-04,85
CATEG-2,2020-07-11,89
CATEG-3,2019-08-29,618
CATEG-3,2021-03-17,1929
CATEG-3,2021-02-04,2025
CATEG-3,2019-12-21,848
CATEG-3,2021-07-19,2310
CATEG-1,2020-09-02,58
CATEG-2,2020-06-29,74
CATEG-1,2021-08-25,49
CATEG-3,2019-10-18,468
CATEG-3,2021-07-07,2232
CATEG-1,2021-03-12,65
CATEG-1,2021-05-03,51
CATEG-2,2021-01-23,15
CATEG-3,2020-01-21,821
CATEG-2,2021-09-29,19
CATEG-2,2021-06-11,51
CATEG-2,2019-11-14,3
CATEG-1,2020-01-15,43
CATEG-3,2021-04-26,2000
CATEG-3,2019-12-18,1383
CATEG-3,2020-03-03,832
CATEG-1,2021-03-29,64
CATEG-1,2021-05-01,50
CATEG-1,2020-01-02,57
CATEG-2,2020-08-09,33
CATEG-1,2020-09-16,50
CATEG-3,2019-08-28,600
CATEG-3,2020-06-12,1534
CATEG-1,2019-11-01,18
CATEG-3,2019-07-16,984
CATEG-1,2020-03-06,23
CATEG-3,2021-01-21,2251
CATEG-3,2020-08-30,1372
CATEG-1,2020-11-28,96
CATEG-1,2021-02-18,78
CATEG-2,2020-12-05,8
CATEG-2,2020-02-05,3
CATEG-2,2020-06-05,106
CATEG-1,2021-09-03,38
